Total.Profit	Order.Lag	OrderDaysSince2000	Units.Sold	Region_Asia	Region_Australia.and.Oceania	Region_Europe	Region_Middle.East.and.North.Africa	Region_North.America	Region_Sub.Saharan.Africa	Sales.Channel_Offline	Order.Priority_C	Order.Priority_H	Order.Priority_L	Item.Type
-0.8871735258807414	-0.20875070662727765	0.07331365253608252	-1.5366870797446794	-0.4097777726262929	-0.3012180044634027	-0.6019346647265424	-0.37272560091347334	-0.14715584481931773	-0.5880695887260177	-1.0015011169137493	-0.5538831224453842	-0.5859139101914463	-0.5702108081724622	Baby Food
-0.47372263047892355	1.3676056701628552	1.0185449594725409	-0.458977910263682	-0.4097777726262929	-0.3012180044634027	-0.6019346647265424	2.682402275426472	-0.14715584481931773	-0.5880695887260177	0.9983014328341526	-0.5538831224453842	1.7063940326545877	-0.5702108081724622	Meat
1.857833779675896	1.093456735068919	0.794210062626288	0.45266591759719355	-0.4097777726262929	-0.3012180044634027	-0.6019346647265424	2.682402275426472	-0.14715584481931773	-0.5880695887260177	0.9983014328341526	-0.5538831224453842	1.7063940326545877	-0.5702108081724622	Cosmetics
2.0157077702133566	-1.7165698496439263	0.8673079503627075	1.438764661019157	-0.4097777726262929	-0.3012180044634027	-0.6019346647265424	-0.37272560091347334	-0.14715584481931773	1.7001389277176309	0.9983014328341526	1.8050739578160475	-0.5859139101914463	-0.5702108081724622	Office Supplies
0.14108429169595244	0.3395471635605946	-0.14976093590092165	0.003877762970913829	-0.4097777726262929	-0.3012180044634027	-0.6019346647265424	2.682402275426472	-0.14715584481931773	-0.5880695887260177	-1.0015011169137493	-0.5538831224453842	-0.5859139101914463	1.7533866171431942	Cereal
0.15032011142804702	-0.41436240794772977	-1.6822959615472328	-0.5025529069284661	-0.4097777726262929	-0.3012180044634027	-0.6019346647265424	2.682402275426472	-0.14715584481931773	-0.5880695887260177	-1.0015011169137493	-0.5538831224453842	1.7063940326545877	-0.5702108081724622	Office Supplies
0.4987431291279362	-0.14021347285379362	1.0298877351557783	0.5343261475674188	-0.4097777726262929	-0.3012180044634027	-0.6019346647265424	-0.37272560091347334	-0.14715584481931773	-0.5880695887260177	-1.0015011169137493	-0.5538831224453842	1.7063940326545877	-0.5702108081724622	Cereal
-1.0069029374736622	0.8878450337484669	0.9580501558286075	-0.7200847800424274	-0.4097777726262929	3.3191907030294185	-0.6019346647265424	-0.37272560091347334	-0.14715584481931773	-0.5880695887260177	0.9983014328341526	-0.5538831224453842	-0.5859139101914463	1.7533866171431942	Fruits
0.11207603782976212	-0.4828996417212138	-1.513414634707919	-0.5423536912837019	-0.4097777726262929	-0.3012180044634027	-0.6019346647265424	-0.37272560091347334	-0.14715584481931773	1.7001389277176309	0.9983014328341526	-0.5538831224453842	1.7063940326545877	-0.5702108081724622	Office Supplies
-0.12463897872380096	-1.0997347456825701	-0.16614494522115358	0.34287065041033615	-0.4097777726262929	-0.3012180044634027	-0.6019346647265424	-0.37272560091347334	-0.14715584481931773	-0.5880695887260177	-1.0015011169137493	-0.5538831224453842	-0.5859139101914463	1.7533866171431942	Meat
-1.0012685108381463	-0.2772879404007617	1.2038102956320866	-1.523992001976199	-0.4097777726262929	-0.3012180044634027	1.6609776086815118	-0.37272560091347334	-0.14715584481931773	-0.5880695887260177	-1.0015011169137493	-0.5538831224453842	1.7063940326545877	-0.5702108081724622	Beverages
0.3178027785653636	1.7102918390302753	1.0172846510632922	-0.3282529202693299	-0.4097777726262929	-0.3012180044634027	-0.6019346647265424	-0.37272560091347334	-0.14715584481931773	1.7001389277176309	-1.0015011169137493	-0.5538831224453842	-0.5859139101914463	1.7533866171431942	Office Supplies
-0.12440538825720028	-1.4424209145499902	1.5604775754494435	0.149013381783541	-0.4097777726262929	-0.3012180044634027	-0.6019346647265424	2.682402275426472	-0.14715584481931773	-0.5880695887260177	0.9983014328341526	-0.5538831224453842	-0.5859139101914463	1.7533866171431942	Vegetables
-0.8467573873690999	0.6136960986545308	0.6858235394309075	-1.4612028335537148	-0.4097777726262929	-0.3012180044634027	-0.6019346647265424	-0.37272560091347334	-0.14715584481931773	1.7001389277176309	0.9983014328341526	1.8050739578160475	-0.5859139101914463	-0.5702108081724622	Cereal
0.9870441397969787	-1.7165698496439263	-0.1434593938546786	1.0321790622178255	-0.4097777726262929	-0.3012180044634027	-0.6019346647265424	-0.37272560091347334	-0.14715584481931773	-0.5880695887260177	0.9983014328341526	-0.5538831224453842	-0.5859139101914463	1.7533866171431942	Baby Food
-0.6400818436795574	-1.5109581483234744	-0.41316539343388137	-0.9242353549679904	-0.4097777726262929	-0.3012180044634027	1.6609776086815118	-0.37272560091347334	-0.14715584481931773	-0.5880695887260177	0.9983014328341526	1.8050739578160475	-0.5859139101914463	-0.5702108081724622	Vegetables
-0.8467573873690999	-1.3738836807765062	0.7047281655696367	-1.4612028335537148	-0.4097777726262929	-0.3012180044634027	-0.6019346647265424	-0.37272560091347334	-0.14715584481931773	1.7001389277176309	0.9983014328341526	-0.5538831224453842	1.7063940326545877	-0.5702108081724622	Cereal
-0.5358501215108168	-1.0997347456825701	-0.6488430659633716	0.8403804548507838	-0.4097777726262929	-0.3012180044634027	1.6609776086815118	-0.37272560091347334	-0.14715584481931773	-0.5880695887260177	0.9983014328341526	-0.5538831224453842	-0.5859139101914463	-0.5702108081724622	Personal Care
-0.46085371515428003	0.2710099297871106	-0.8542733366708952	1.2335847554637172	-0.4097777726262929	-0.3012180044634027	1.6609776086815118	-0.37272560091347334	-0.14715584481931773	-0.5880695887260177	0.9983014328341526	-0.5538831224453842	-0.5859139101914463	-0.5702108081724622	Personal Care
0.6889084359643467	-0.5514368754946979	-1.1126365605668604	0.8163627401536587	-0.4097777726262929	-0.3012180044634027	-0.6019346647265424	-0.37272560091347334	-0.14715584481931773	-0.5880695887260177	-1.0015011169137493	-0.5538831224453842	-0.5859139101914463	-0.5702108081724622	Cereal
1.2428809842370252	1.024919501295435	1.4987224633962617	1.3828376967958513	-0.4097777726262929	-0.3012180044634027	1.6609776086815118	-0.37272560091347334	-0.14715584481931773	-0.5880695887260177	0.9983014328341526	-0.5538831224453842	-0.5859139101914463	1.7533866171431942	Baby Food
0.32569732679991287	-1.5794953820969584	1.4722559868020408	0.27767971051813956	-0.4097777726262929	3.3191907030294185	-0.6019346647265424	-0.37272560091347334	-0.14715584481931773	-0.5880695887260177	0.9983014328341526	1.8050739578160475	-0.5859139101914463	-0.5702108081724622	Cereal
-0.7318976253960587	-0.14021347285379362	1.0324083519742755	-1.0268253077457103	-0.4097777726262929	-0.3012180044634027	-0.6019346647265424	-0.37272560091347334	-0.14715584481931773	1.7001389277176309	0.9983014328341526	-0.5538831224453842	-0.5859139101914463	-0.5702108081724622	Snacks
3.0519735755983186	-1.2368092132295383	0.8824316512736908	1.355045769789178	-0.4097777726262929	-0.3012180044634027	-0.6019346647265424	-0.37272560091347334	-0.14715584481931773	1.7001389277176309	0.9983014328341526	-0.5538831224453842	1.7063940326545877	-0.5702108081724622	Cosmetics
-1.0223880137960684	-0.0716762390803096	-1.0647448410154132	-1.7199079318627477	-0.4097777726262929	-0.3012180044634027	-0.6019346647265424	2.682402275426472	-0.14715584481931773	-0.5880695887260177	0.9983014328341526	-0.5538831224453842	1.7063940326545877	-0.5702108081724622	Vegetables
-0.7987990840501096	0.47662163110756267	-1.3168065228651356	0.1747466475304607	-0.4097777726262929	-0.3012180044634027	1.6609776086815118	-0.37272560091347334	-0.14715584481931773	-0.5880695887260177	0.9983014328341526	-0.5538831224453842	-0.5859139101914463	-0.5702108081724622	Beverages
-0.9752466634292452	-1.7165698496439263	0.6391921282887089	1.005759576050988	2.4398590328416683	-0.3012180044634027	-0.6019346647265424	-0.37272560091347334	-0.14715584481931773	-0.5880695887260177	0.9983014328341526	-0.5538831224453842	-0.5859139101914463	1.7533866171431942	Fruits
1.888610766453582	1.093456735068919	0.7538801935303325	0.5840771280114635	-0.4097777726262929	-0.3012180044634027	-0.6019346647265424	-0.37272560091347334	-0.14715584481931773	1.7001389277176309	-1.0015011169137493	1.8050739578160475	-0.5859139101914463	-0.5702108081724622	Household
-0.47621279102935826	-0.003139005306825558	-1.3470539246871023	-0.5831838062688145	-0.4097777726262929	-0.3012180044634027	1.6609776086815118	-0.37272560091347334	-0.14715584481931773	-0.5880695887260177	0.9983014328341526	1.8050739578160475	-0.5859139101914463	-0.5702108081724622	Vegetables
-0.08893893902783424	-0.894123044362118	-0.08170428180149665	0.4248739905905203	-0.4097777726262929	-0.3012180044634027	-0.6019346647265424	-0.37272560091347334	-0.14715584481931773	1.7001389277176309	0.9983014328341526	-0.5538831224453842	-0.5859139101914463	1.7533866171431942	Meat
0.49815044391497143	0.2710099297871106	0.12120537208752974	0.36208482216803617	-0.4097777726262929	-0.3012180044634027	-0.6019346647265424	2.682402275426472	-0.14715584481931773	-0.5880695887260177	0.9983014328341526	-0.5538831224453842	1.7063940326545877	-0.5702108081724622	Baby Food
-0.9357374669975409	0.7507705662014988	0.4690504930401464	-1.6032504604767117	-0.4097777726262929	-0.3012180044634027	-0.6019346647265424	-0.37272560091347334	-0.14715584481931773	1.7001389277176309	-1.0015011169137493	-0.5538831224453842	1.7063940326545877	-0.5702108081724622	Baby Food
0.4069325963419866	-1.0997347456825701	-0.8038610003009508	1.2548575884811708	-0.4097777726262929	3.3191907030294185	-0.6019346647265424	-0.37272560091347334	-0.14715584481931773	-0.5880695887260177	-1.0015011169137493	-0.5538831224453842	1.7063940326545877	-0.5702108081724622	Vegetables
-0.7099758978284136	-0.825585810588634	0.3631845866632631	0.9199820235612554	2.4398590328416683	-0.3012180044634027	-0.6019346647265424	-0.37272560091347334	-0.14715584481931773	-0.5880695887260177	0.9983014328341526	-0.5538831224453842	1.7063940326545877	-0.5702108081724622	Beverages
-0.020215004680816166	-0.003139005306825558	1.4420085849800741	0.36585903447758444	-0.4097777726262929	-0.3012180044634027	1.6609776086815118	-0.37272560091347334	-0.14715584481931773	-0.5880695887260177	-1.0015011169137493	-0.5538831224453842	-0.5859139101914463	-0.5702108081724622	Vegetables
2.1205492823189998	-1.0997347456825701	-1.36721885923508	1.5478737077860965	-0.4097777726262929	-0.3012180044634027	-0.6019346647265424	-0.37272560091347334	-0.14715584481931773	1.7001389277176309	0.9983014328341526	-0.5538831224453842	-0.5859139101914463	-0.5702108081724622	Office Supplies
-0.6473631026901698	1.4361429039363391	-0.7660517480234925	0.2557206570807681	2.4398590328416683	-0.3012180044634027	-0.6019346647265424	-0.37272560091347334	-0.14715584481931773	-0.5880695887260177	-1.0015011169137493	-0.5538831224453842	-0.5859139101914463	-0.5702108081724622	Personal Care
-0.3997964314451624	-1.6480326158704424	-1.441577055380748	1.5537065813553983	-0.4097777726262929	-0.3012180044634027	-0.6019346647265424	-0.37272560091347334	-0.14715584481931773	1.7001389277176309	-1.0015011169137493	-0.5538831224453842	1.7063940326545877	-0.5702108081724622	Personal Care
-0.5225654177670324	-1.3738836807765062	-0.2808330104627772	0.9100318274724465	-0.4097777726262929	-0.3012180044634027	1.6609776086815118	-0.37272560091347334	-0.14715584481931773	-0.5880695887260177	0.9983014328341526	-0.5538831224453842	-0.5859139101914463	-0.5702108081724622	Personal Care
0.7785675078479117	0.20247269601362655	0.8849522680921881	-0.36290705147518176	2.4398590328416683	-0.3012180044634027	-0.6019346647265424	-0.37272560091347334	-0.14715584481931773	-0.5880695887260177	-1.0015011169137493	1.8050739578160475	-0.5859139101914463	-0.5702108081724622	Cosmetics
0.3863783588105641	-1.7165698496439263	0.6656586048829297	-0.2568859965978726	-0.4097777726262929	-0.3012180044634027	-0.6019346647265424	-0.37272560091347334	-0.14715584481931773	1.7001389277176309	0.9983014328341526	-0.5538831224453842	-0.5859139101914463	-0.5702108081724622	Office Supplies
-0.7386416393905307	1.230531202615887	0.14641154027250197	-1.2131341517534089	-0.4097777726262929	-0.3012180044634027	-0.6019346647265424	-0.37272560091347334	6.79415759005416	-0.5880695887260177	0.9983014328341526	-0.5538831224453842	1.7063940326545877	-0.5702108081724622	Clothes
-0.8924304473418384	0.9563822675219509	0.5988622591927534	-1.543892394153817	-0.4097777726262929	-0.3012180044634027	-0.6019346647265424	-0.37272560091347334	-0.14715584481931773	1.7001389277176309	-1.0015011169137493	1.8050739578160475	-0.5859139101914463	-0.5702108081724622	Baby Food
-0.5268992586453008	-1.0997347456825701	-1.266394186495191	-0.581125145009061	-0.4097777726262929	-0.3012180044634027	-0.6019346647265424	-0.37272560091347334	-0.14715584481931773	1.7001389277176309	-1.0015011169137493	-0.5538831224453842	-0.5859139101914463	-0.5702108081724622	Meat
-0.12473071749508863	1.093456735068919	-1.1958169155772689	-0.3903558682718961	2.4398590328416683	-0.3012180044634027	-0.6019346647265424	-0.37272560091347334	-0.14715584481931773	-0.5880695887260177	-1.0015011169137493	-0.5538831224453842	-0.5859139101914463	1.7533866171431942	Cereal
0.3638962230357363	-1.3738836807765062	0.05440902639735335	-0.624700141673845	-0.4097777726262929	-0.3012180044634027	-0.6019346647265424	-0.37272560091347334	-0.14715584481931773	1.7001389277176309	-1.0015011169137493	1.8050739578160475	-0.5859139101914463	-0.5702108081724622	Household
-0.8483225087805301	1.093456735068919	-0.9298918412258119	-0.24075981672980287	-0.4097777726262929	-0.3012180044634027	-0.6019346647265424	2.682402275426472	-0.14715584481931773	-0.5880695887260177	0.9983014328341526	1.8050739578160475	-0.5859139101914463	-0.5702108081724622	Beverages
0.029249637250239678	-0.2772879404007617	1.3058952767812242	0.7868552620971908	-0.4097777726262929	-0.3012180044634027	-0.6019346647265424	-0.37272560091347334	-0.14715584481931773	1.7001389277176309	0.9983014328341526	1.8050739578160475	-0.5859139101914463	-0.5702108081724622	Snacks
-0.4063293391979353	0.6136960986545308	-0.965180476684773	-0.25105312302857075	-0.4097777726262929	-0.3012180044634027	-0.6019346647265424	2.682402275426472	-0.14715584481931773	-0.5880695887260177	-1.0015011169137493	-0.5538831224453842	1.7063940326545877	-0.5702108081724622	Snacks
-0.7380655627339394	-1.2368092132295383	0.5043391284991076	-0.21983009392230818	-0.4097777726262929	-0.3012180044634027	1.6609776086815118	-0.37272560091347334	-0.14715584481931773	-0.5880695887260177	0.9983014328341526	-0.5538831224453842	-0.5859139101914463	1.7533866171431942	Personal Care
-0.4518227342841212	0.2710099297871106	0.7110297076158797	1.2809339644380493	2.4398590328416683	-0.3012180044634027	-0.6019346647265424	-0.37272560091347334	-0.14715584481931773	-0.5880695887260177	-1.0015011169137493	-0.5538831224453842	-0.5859139101914463	1.7533866171431942	Personal Care
-0.9899923195099747	0.2710099297871106	0.17035740004822558	0.20185235411721614	-0.4097777726262929	-0.3012180044634027	-0.6019346647265424	2.682402275426472	-0.14715584481931773	-0.5880695887260177	0.9983014328341526	-0.5538831224453842	-0.5859139101914463	-0.5702108081724622	Fruits
-0.813316685849696	1.5732173714833073	0.02794254980313252	0.05294252299504074	-0.4097777726262929	-0.3012180044634027	1.6609776086815118	-0.37272560091347334	-0.14715584481931773	-0.5880695887260177	0.9983014328341526	1.8050739578160475	-0.5859139101914463	-0.5702108081724622	Beverages
-0.8322100155156369	-0.7570485768151499	0.034244091849375574	-0.10557439400598467	-0.4097777726262929	-0.3012180044634027	1.6609776086815118	-0.37272560091347334	-0.14715584481931773	-0.5880695887260177	-1.0015011169137493	1.8050739578160475	-0.5859139101914463	-0.5702108081724622	Beverages
-1.0031771891169434	-0.2772879404007617	0.6417127451072061	-0.5169635357467411	-0.4097777726262929	-0.3012180044634027	1.6609776086815118	-0.37272560091347334	-0.14715584481931773	-0.5880695887260177	0.9983014328341526	-0.5538831224453842	-0.5859139101914463	1.7533866171431942	Fruits
-0.9755676316153813	-1.6480326158704424	0.8421017821777352	0.9882609553430823	-0.4097777726262929	-0.3012180044634027	-0.6019346647265424	2.682402275426472	-0.14715584481931773	-0.5880695887260177	0.9983014328341526	1.8050739578160475	-0.5859139101914463	-0.5702108081724622	Fruits
0.17136310012469014	1.5732173714833073	0.3228547175673075	0.4149237945017113	-0.4097777726262929	-0.3012180044634027	1.6609776086815118	-0.37272560091347334	-0.14715584481931773	-0.5880695887260177	-1.0015011169137493	-0.5538831224453842	1.7063940326545877	-0.5702108081724622	Clothes
-0.4643585383743367	1.2990684363893712	0.7387564926193492	-0.3893265376420193	2.4398590328416683	-0.3012180044634027	-0.6019346647265424	-0.37272560091347334	-0.14715584481931773	-0.5880695887260177	-1.0015011169137493	-0.5538831224453842	1.7063940326545877	-0.5702108081724622	Snacks
-0.973144636484745	0.6822333324280148	0.9555295390101103	1.1203583861772703	2.4398590328416683	-0.3012180044634027	-0.6019346647265424	-0.37272560091347334	-0.14715584481931773	-0.5880695887260177	0.9983014328341526	-0.5538831224453842	1.7063940326545877	-0.5702108081724622	Fruits
-0.8663979453873393	-1.4424209145499902	-1.4970306253876868	-0.3924145295316497	-0.4097777726262929	3.3191907030294185	-0.6019346647265424	-0.37272560091347334	-0.14715584481931773	-0.5880695887260177	0.9983014328341526	-0.5538831224453842	-0.5859139101914463	-0.5702108081724622	Beverages
0.04280765097987576	-1.5794953820969584	-1.536100186074394	0.7274971957742961	-0.4097777726262929	-0.3012180044634027	1.6609776086815118	-0.37272560091347334	-0.14715584481931773	-0.5880695887260177	-1.0015011169137493	-0.5538831224453842	1.7063940326545877	-0.5702108081724622	Meat
-0.3341919286909129	-0.825585810588634	1.0954237724367062	-1.178136910337598	-0.4097777726262929	-0.3012180044634027	-0.6019346647265424	-0.37272560091347334	-0.14715584481931773	-0.5880695887260177	0.9983014328341526	-0.5538831224453842	-0.5859139101914463	1.7533866171431942	Household
-0.6269266918983002	0.7507705662014988	0.19052233459620335	-0.7766979646856508	-0.4097777726262929	-0.3012180044634027	1.6609776086815118	-0.37272560091347334	-0.14715584481931773	-0.5880695887260177	0.9983014328341526	-0.5538831224453842	1.7063940326545877	-0.5702108081724622	Snacks
0.37471594020446924	-1.2368092132295383	-1.3294096069576216	-0.6161223864248717	-0.4097777726262929	-0.3012180044634027	1.6609776086815118	-0.37272560091347334	-0.14715584481931773	-0.5880695887260177	0.9983014328341526	1.8050739578160475	-0.5859139101914463	-0.5702108081724622	Household
0.11062278914710964	0.2710099297871106	0.15649400754649084	0.8832692310956499	-0.4097777726262929	-0.3012180044634027	-0.6019346647265424	-0.37272560091347334	-0.14715584481931773	-0.5880695887260177	0.9983014328341526	-0.5538831224453842	-0.5859139101914463	1.7533866171431942	Meat
-0.53369053912882225	1.024919501295435	-0.16362432840265637	0.8517030917794285	-0.4097777726262929	-0.3012180044634027	-0.6019346647265424	-0.37272560091347334	-0.14715584481931773	1.7001389277176309	-1.0015011169137493	-0.5538831224453842	-0.5859139101914463	-0.5702108081724622	Personal Care
-0.9836547712072454	1.161993968842403	0.441323708036677	0.5473643355458581	-0.4097777726262929	-0.3012180044634027	-0.6019346647265424	-0.37272560091347334	-0.14715584481931773	-0.5880695887260177	-1.0015011169137493	-0.5538831224453842	-0.5859139101914463	1.7533866171431942	Fruits
0.05667757130907326	-0.003139005306825558	-0.05145687997952998	0.2097438889462715	-0.4097777726262929	-0.3012180044634027	-0.6019346647265424	-0.37272560091347334	-0.14715584481931773	1.7001389277176309	-1.0015011169137493	-0.5538831224453842	1.7063940326545877	-0.5702108081724622	Clothes
-0.7272334413760912	1.2990684363893712	0.39217168007598113	0.7751895149585872	2.4398590328416683	-0.3012180044634027	-0.6019346647265424	-0.37272560091347334	-0.14715584481931773	-0.5880695887260177	-1.0015011169137493	-0.5538831224453842	1.7063940326545877	-0.5702108081724622	Beverages
-0.7172043802786012	1.093456735068919	-1.072306691470905	-1.2690611159767144	2.4398590328416683	-0.3012180044634027	-0.6019346647265424	-0.37272560091347334	-0.14715584481931773	-0.5880695887260177	0.9983014328341526	-0.5538831224453842	1.7063940326545877	-0.5702108081724622	Cereal
-0.6344434738176069	-0.34582517417424574	0.24849652142163947	1.5537065813553983	-0.4097777726262929	-0.3012180044634027	1.6609776086815118	-0.37272560091347334	-0.14715584481931773	-0.5880695887260177	0.9983014328341526	-0.5538831224453842	-0.5859139101914463	-0.5702108081724622	Beverages
-0.7632516811654653	0.06539822846665848	0.8773904176366965	-1.4533112987246595	2.4398590328416683	-0.3012180044634027	-0.6019346647265424	-0.37272560091347334	-0.14715584481931773	-0.5880695887260177	0.9983014328341526	-0.5538831224453842	-0.5859139101914463	-0.5702108081724622	Office Supplies
-0.9882616087023773	-0.688511343041666	1.1987690619950921	0.29620766185592173	-0.4097777726262929	3.3191907030294185	-0.6019346647265424	-0.37272560091347334	-0.14715584481931773	-0.5880695887260177	0.9983014328341526	1.8050739578160475	-0.5859139101914463	-0.5702108081724622	Fruits
-1.0080987013043659	0.5451588648810467	0.45896802576615753	-0.785275719934624	-0.4097777726262929	-0.3012180044634027	-0.6019346647265424	2.682402275426472	-0.14715584481931773	-0.5880695887260177	-1.0015011169137493	1.8050739578160475	-0.5859139101914463	-0.5702108081724622	Fruits
-0.9740326719690627	0.8878450337484669	-1.7175845970061938	-1.295480602143552	-0.4097777726262929	-0.3012180044634027	1.6609776086815118	-0.37272560091347334	-0.14715584481931773	-0.5880695887260177	0.9983014328341526	-0.5538831224453842	-0.5859139101914463	1.7533866171431942	Beverages
-0.6825355856945472	0.13393546224014252	0.06449149367134224	1.1502089744436972	-0.4097777726262929	-0.3012180044634027	1.6609776086815118	-0.37272560091347334	-0.14715584481931773	-0.5880695887260177	-1.0015011169137493	-0.5538831224453842	-0.5859139101914463	-0.5702108081724622	Beverages
-0.8222238337413619	-1.0997347456825701	1.2454004731372907	-0.6610698239294915	-0.4097777726262929	-0.3012180044634027	-0.6019346647265424	2.682402275426472	-0.14715584481931773	-0.5880695887260177	-1.0015011169137493	-0.5538831224453842	-0.5859139101914463	-0.5702108081724622	Personal Care
-0.55422803753346	0.6822333324280148	-0.44719372048359385	-1.2357794256106982	-0.4097777726262929	-0.3012180044634027	1.6609776086815118	-0.37272560091347334	-0.14715584481931773	-0.5880695887260177	-1.0015011169137493	-0.5538831224453842	1.7063940326545877	-0.5702108081724622	Office Supplies
-0.4194512999805285	-0.825585810588634	-0.00482546883733137	-1.2457296216995073	2.4398590328416683	-0.3012180044634027	-0.6019346647265424	-0.37272560091347334	-0.14715584481931773	-0.5880695887260177	-1.0015011169137493	1.8050739578160475	-0.5859139101914463	-0.5702108081724622	Household
-0.4957996846083731	1.4361429039363391	-0.39678138411364944	1.0503639033456489	-0.4097777726262929	-0.3012180044634027	-0.6019346647265424	-0.37272560091347334	-0.14715584481931773	1.7001389277176309	-1.0015011169137493	-0.5538831224453842	-0.5859139101914463	-0.5702108081724622	Personal Care
0.39357908199121605	1.3676056701628552	-0.8593145703078897	1.2270656614744975	2.4398590328416683	-0.3012180044634027	-0.6019346647265424	-0.37272560091347334	-0.14715584481931773	-0.5880695887260177	-1.0015011169137493	-0.5538831224453842	-0.5859139101914463	-0.5702108081724622	Vegetables
-0.7357804238440168	-0.9626602781356021	-1.7667366249668897	0.703479481077171	-0.4097777726262929	-0.3012180044634027	-0.6019346647265424	-0.37272560091347334	-0.14715584481931773	1.7001389277176309	-1.0015011169137493	-0.5538831224453842	1.7063940326545877	-0.5702108081724622	Beverages
2.167035613158294	-0.894123044362118	0.567354548961538	1.5962522473903056	-0.4097777726262929	3.3191907030294185	-0.6019346647265424	-0.37272560091347334	-0.14715584481931773	-0.5880695887260177	0.9983014328341526	-0.5538831224453842	-0.5859139101914463	1.7533866171431942	Office Supplies
0.8176678360922971	1.5732173714833073	1.5163667811257422	1.5712052020633036	-0.4097777726262929	-0.3012180044634027	1.6609776086815118	-0.37272560091347334	-0.14715584481931773	-0.5880695887260177	0.9983014328341526	-0.5538831224453842	-0.5859139101914463	1.7533866171431942	Clothes
-0.1203943174367501	0.8193077999749828	0.3304165680227992	-1.008640466617887	-0.4097777726262929	-0.3012180044634027	1.6609776086815118	-0.37272560091347334	-0.14715584481931773	-0.5880695887260177	-1.0015011169137493	1.8050739578160475	-0.5859139101914463	-0.5702108081724622	Household
1.1462768199249105	0.47662163110756267	-1.3407523826408592	1.4946916252424625	-0.4097777726262929	-0.3012180044634027	-0.6019346647265424	-0.37272560091347334	-0.14715584481931773	-0.5880695887260177	-1.0015011169137493	-0.5538831224453842	1.7063940326545877	-0.5702108081724622	Cereal
0.8835513155882676	-1.6480326158704424	-1.4604816815194772	0.2605242000201931	-0.4097777726262929	3.3191907030294185	-0.6019346647265424	-0.37272560091347334	-0.14715584481931773	-0.5880695887260177	0.9983014328341526	-0.5538831224453842	-0.5859139101914463	-0.5702108081724622	Office Supplies
-0.8536359411158275	-1.5794953820969584	0.8647873335442103	-0.8257627247097776	-0.4097777726262929	-0.3012180044634027	1.6609776086815118	-0.37272560091347334	-0.14715584481931773	-0.5880695887260177	0.9983014328341526	-0.5538831224453842	1.7063940326545877	-0.5702108081724622	Personal Care
-0.892734101891378	-1.5109581483234744	-0.0640599640720161	-0.6133775047452004	-0.4097777726262929	-0.3012180044634027	-0.6019346647265424	-0.37272560091347334	-0.14715584481931773	1.7001389277176309	-1.0015011169137493	1.8050739578160475	-0.5859139101914463	-0.5702108081724622	Beverages
0.9855421622366652	-0.894123044362118	-0.6916935518778244	1.030120400958072	-0.4097777726262929	-0.3012180044634027	-0.6019346647265424	-0.37272560091347334	-0.14715584481931773	1.7001389277176309	-1.0015011169137493	-0.5538831224453842	1.7063940326545877	-0.5702108081724622	Baby Food
1.3302460123285873	1.7102918390302753	-0.4421524868465994	1.5025831600715178	-0.4097777726262929	-0.3012180044634027	1.6609776086815118	-0.37272560091347334	-0.14715584481931773	-0.5880695887260177	-1.0015011169137493	-0.5538831224453842	-0.5859139101914463	1.7533866171431942	Baby Food
-0.006186545757685398	0.06539822846665848	-0.1333769265806897	0.6149570469077672	-0.4097777726262929	-0.3012180044634027	-0.6019346647265424	-0.37272560091347334	-0.14715584481931773	1.7001389277176309	-1.0015011169137493	-0.5538831224453842	1.7063940326545877	-0.5702108081724622	Meat
-0.44773807397961496	-0.894123044362118	0.11364352163203807	-1.124954827793964	-0.4097777726262929	-0.3012180044634027	-0.6019346647265424	-0.37272560091347334	-0.14715584481931773	1.7001389277176309	-1.0015011169137493	-0.5538831224453842	-0.5859139101914463	-0.5702108081724622	Office Supplies
-0.399336823595842	-0.34582517417424574	-1.1517061212535675	-0.7976276874931454	-0.4097777726262929	-0.3012180044634027	-0.6019346647265424	2.682402275426472	-0.14715584481931773	-0.5880695887260177	0.9983014328341526	-0.5538831224453842	1.7063940326545877	-0.5702108081724622	Cereal
-0.9911491472438978	-0.0716762390803096	-1.4516595226547369	-1.6475116775614136	-0.4097777726262929	3.3191907030294185	-0.6019346647265424	-0.37272560091347334	-0.14715584481931773	-0.5880695887260177	0.9983014328341526	1.8050739578160475	-0.5859139101914463	-0.5702108081724622	Meat
-0.2060864774131149	0.6822333324280148	0.48543450236037833	-1.076576288189755	-0.4097777726262929	-0.3012180044634027	-0.6019346647265424	-0.37272560091347334	-0.14715584481931773	1.7001389277176309	-1.0015011169137493	1.8050739578160475	-0.5859139101914463	-0.5702108081724622	Household
0.17860398676399294	0.3395471635605946	-0.5946498043656814	0.7796499476880533	-0.4097777726262929	-0.3012180044634027	-0.6019346647265424	-0.37272560091347334	-0.14715584481931773	-0.5880695887260177	0.9983014328341526	-0.5538831224453842	1.7063940326545877	-0.5702108081724622	Vegetables
-0.8228128107546331	-0.14021347285379362	-0.6904332434685758	-0.6641578158191219	-0.4097777726262929	-0.3012180044634027	1.6609776086815118	-0.37272560091347334	-0.14715584481931773	-0.5880695887260177	-1.0015011169137493	1.8050739578160475	-0.5859139101914463	-0.5702108081724622	Personal Care
0.9612601916782654	1.024919501295435	1.2151530713153242	0.9968387105920556	2.4398590328416683	-0.3012180044634027	-0.6019346647265424	-0.37272560091347334	-0.14715584481931773	-0.5880695887260177	0.9983014328341526	-0.5538831224453842	-0.5859139101914463	1.7533866171431942	Baby Food
0.21487279117349373	1.5732173714833073	1.326060211329202	0.8551341938790178	-0.4097777726262929	-0.3012180044634027	1.6609776086815118	-0.37272560091347334	-0.14715584481931773	-0.5880695887260177	0.9983014328341526	-0.5538831224453842	1.7063940326545877	-0.5702108081724622	Vegetables
1.1923144063731415	-0.0716762390803096	-0.16110371158415915	1.5629705570242893	-0.4097777726262929	-0.3012180044634027	1.6609776086815118	-0.37272560091347334	-0.14715584481931773	-0.5880695887260177	0.9983014328341526	-0.5538831224453842	-0.5859139101914463	-0.5702108081724622	Cereal
0.25431077450263556	0.8193077999749828	-0.7055569443795592	1.3231365202629977	2.4398590328416683	-0.3012180044634027	-0.6019346647265424	-0.37272560091347334	-0.14715584481931773	-0.5880695887260177	0.9983014328341526	-0.5538831224453842	-0.5859139101914463	1.7533866171431942	Snacks
-0.4703747528937769	-0.6199741092681819	-0.9349330748628064	-0.9654085801630619	-0.4097777726262929	-0.3012180044634027	-0.6019346647265424	-0.37272560091347334	-0.14715584481931773	1.7001389277176309	-1.0015011169137493	-0.5538831224453842	1.7063940326545877	-0.5702108081724622	Baby Food
-0.8863545360301511	0.40808439733407864	0.9328439876436353	-0.5598523119916073	-0.4097777726262929	-0.3012180044634027	-0.6019346647265424	-0.37272560091347334	-0.14715584481931773	-0.5880695887260177	-1.0015011169137493	-0.5538831224453842	-0.5859139101914463	-0.5702108081724622	Beverages
0.16805893751339368	-0.894123044362118	0.020380699347640852	1.117613504497599	-0.4097777726262929	-0.3012180044634027	1.6609776086815118	-0.37272560091347334	-0.14715584481931773	-0.5880695887260177	0.9983014328341526	1.8050739578160475	-0.5859139101914463	-0.5702108081724622	Snacks
1.234650478333072	0.40808439733407864	0.8358002401314922	1.6257597254467735	-0.4097777726262929	-0.3012180044634027	-0.6019346647265424	-0.37272560091347334	-0.14715584481931773	-0.5880695887260177	-1.0015011169137493	-0.5538831224453842	1.7063940326545877	-0.5702108081724622	Cereal
-0.8447358440263955	-0.34582517417424574	1.2290164638170589	-0.7790997361553632	-0.4097777726262929	-0.3012180044634027	-0.6019346647265424	2.682402275426472	-0.14715584481931773	-0.5880695887260177	-1.0015011169137493	1.8050739578160475	-0.5859139101914463	-0.5702108081724622	Personal Care
-0.42270109307237697	-1.6480326158704424	1.3953771738378755	1.433618007869773	-0.4097777726262929	-0.3012180044634027	-0.6019346647265424	-0.37272560091347334	-0.14715584481931773	1.7001389277176309	0.9983014328341526	-0.5538831224453842	-0.5859139101914463	1.7533866171431942	Personal Care
-0.8987865105289521	-1.0311975119090862	-1.4466182890177424	-0.6641578158191219	-0.4097777726262929	-0.3012180044634027	-0.6019346647265424	-0.37272560091347334	-0.14715584481931773	1.7001389277176309	-1.0015011169137493	-0.5538831224453842	1.7063940326545877	-0.5702108081724622	Beverages
-0.6700714386462939	-0.34582517417424574	-0.9513170841830383	0.13666141422501954	-0.4097777726262929	3.3191907030294185	-0.6019346647265424	-0.37272560091347334	-0.14715584481931773	-0.5880695887260177	-1.0015011169137493	-0.5538831224453842	-0.5859139101914463	1.7533866171431942	Personal Care
-0.9671217628743063	-0.5514368754946979	-0.7295028041552828	1.4487148571079658	-0.4097777726262929	-0.3012180044634027	-0.6019346647265424	2.682402275426472	-0.14715584481931773	-0.5880695887260177	-1.0015011169137493	-0.5538831224453842	-0.5859139101914463	1.7533866171431942	Fruits
-0.1354878130943517	0.13393546224014252	1.3840343981546381	-0.1340525414325758	-0.4097777726262929	-0.3012180044634027	-0.6019346647265424	-0.37272560091347334	-0.14715584481931773	-0.5880695887260177	-1.0015011169137493	1.8050739578160475	-0.5859139101914463	-0.5702108081724622	Clothes
-0.7834822346461875	0.8193077999749828	1.0198052678817895	-0.4579485796338052	-0.4097777726262929	-0.3012180044634027	-0.6019346647265424	2.682402275426472	-0.14715584481931773	-0.5880695887260177	-1.0015011169137493	-0.5538831224453842	1.7063940326545877	-0.5702108081724622	Personal Care
-0.6618912023508602	-0.14021347285379362	-0.48752358957954944	0.1795501904698857	-0.4097777726262929	-0.3012180044634027	-0.6019346647265424	2.682402275426472	-0.14715584481931773	-0.5880695887260177	0.9983014328341526	1.8050739578160475	-0.5859139101914463	-0.5702108081724622	Personal Care
-0.7054058028471449	0.06539822846665848	-1.2273246258084842	-1.2515624952688091	2.4398590328416683	-0.3012180044634027	-0.6019346647265424	-0.37272560091347334	-0.14715584481931773	-0.5880695887260177	-1.0015011169137493	-0.5538831224453842	-0.5859139101914463	1.7533866171431942	Cereal
0.3759084397748792	-0.0716762390803096	-0.6236368977783994	1.4926329639827087	-0.4097777726262929	-0.3012180044634027	1.6609776086815118	-0.37272560091347334	-0.14715584481931773	-0.5880695887260177	0.9983014328341526	-0.5538831224453842	-0.5859139101914463	-0.5702108081724622	Meat
3.4138478787732884	-1.2368092132295383	-1.0798685419263967	1.6285046071264448	2.4398590328416683	-0.3012180044634027	-0.6019346647265424	-0.37272560091347334	-0.14715584481931773	-0.5880695887260177	0.9983014328341526	1.8050739578160475	-0.5859139101914463	-0.5702108081724622	Cosmetics
0.4432754602890258	-1.3053464470030223	0.7702642028505644	1.647375668674186	-0.4097777726262929	-0.3012180044634027	-0.6019346647265424	-0.37272560091347334	6.79415759005416	-0.5880695887260177	-1.0015011169137493	1.8050739578160475	-0.5859139101914463	-0.5702108081724622	Meat
1.8884473184121673	-0.7570485768151499	-1.723886139052437	1.3063241199750102	-0.4097777726262929	3.3191907030294185	-0.6019346647265424	-0.37272560091347334	-0.14715584481931773	-0.5880695887260177	0.9983014328341526	-0.5538831224453842	1.7063940326545877	-0.5702108081724622	Office Supplies
-1.0057323476183417	-1.0311975119090862	0.9517486137823644	-0.6562662809900666	-0.4097777726262929	-0.3012180044634027	1.6609776086815118	-0.37272560091347334	-0.14715584481931773	-0.5880695887260177	0.9983014328341526	-0.5538831224453842	-0.5859139101914463	1.7533866171431942	Fruits
-0.9833566528431634	1.161993968842403	1.452091052254063	-1.3737097300141878	-0.4097777726262929	-0.3012180044634027	1.6609776086815118	-0.37272560091347334	-0.14715584481931773	-0.5880695887260177	-1.0015011169137493	-0.5538831224453842	-0.5859139101914463	-0.5702108081724622	Beverages
0.16230569180319543	0.8878450337484669	1.4899003045315213	1.0019853637414398	-0.4097777726262929	3.3191907030294185	-0.6019346647265424	-0.37272560091347334	-0.14715584481931773	-0.5880695887260177	0.9983014328341526	-0.5538831224453842	-0.5859139101914463	-0.5702108081724622	Meat
-0.9399537945052445	1.5732173714833073	-0.0640599640720161	-1.2783250916456055	-0.4097777726262929	-0.3012180044634027	-0.6019346647265424	-0.37272560091347334	-0.14715584481931773	1.7001389277176309	-1.0015011169137493	-0.5538831224453842	1.7063940326545877	-0.5702108081724622	Personal Care
-0.11204102311759773	-1.5109581483234744	1.2277561554078102	0.1747466475304607	-0.4097777726262929	-0.3012180044634027	-0.6019346647265424	-0.37272560091347334	-0.14715584481931773	1.7001389277176309	-1.0015011169137493	-0.5538831224453842	1.7063940326545877	-0.5702108081724622	Vegetables
2.2133514451539402	-1.4424209145499902	0.05314871798810474	0.7213212119950353	-0.4097777726262929	-0.3012180044634027	-0.6019346647265424	2.682402275426472	-0.14715584481931773	-0.5880695887260177	0.9983014328341526	-0.5538831224453842	-0.5859139101914463	-0.5702108081724622	Cosmetics
0.35654584004914924	0.6822333324280148	0.15271308231874503	1.5667447693338377	-0.4097777726262929	-0.3012180044634027	-0.6019346647265424	-0.37272560091347334	-0.14715584481931773	-0.5880695887260177	-1.0015011169137493	1.8050739578160475	-0.5859139101914463	-0.5702108081724622	Snacks
-0.6788959615814114	1.2990684363893712	-1.256311719221202	1.180745783130042	-0.4097777726262929	-0.3012180044634027	-0.6019346647265424	-0.37272560091347334	-0.14715584481931773	1.7001389277176309	-1.0015011169137493	-0.5538831224453842	-0.5859139101914463	1.7533866171431942	Beverages
-0.7663696242555401	-0.34582517417424574	-1.1869947567125285	0.44683304402789176	2.4398590328416683	-0.3012180044634027	-0.6019346647265424	-0.37272560091347334	-0.14715584481931773	-0.5880695887260177	0.9983014328341526	-0.5538831224453842	-0.5859139101914463	-0.5702108081724622	Beverages
0.7751999924728394	-0.825585810588634	0.42872062394419086	0.9443428484683394	-0.4097777726262929	-0.3012180044634027	-0.6019346647265424	-0.37272560091347334	-0.14715584481931773	1.7001389277176309	-1.0015011169137493	-0.5538831224453842	-0.5859139101914463	-0.5702108081724622	Cereal
-0.8430062038961744	-0.825585810588634	-1.1542267380720648	-0.19615548943514202	-0.4097777726262929	-0.3012180044634027	-0.6019346647265424	-0.37272560091347334	-0.14715584481931773	-0.5880695887260177	0.9983014328341526	1.8050739578160475	-0.5859139101914463	-0.5702108081724622	Beverages
-1.0236539722801228	-0.2772879404007617	0.27874392324360614	-1.7171630501830761	-0.4097777726262929	3.3191907030294185	-0.6019346647265424	-0.37272560091347334	-0.14715584481931773	-0.5880695887260177	0.9983014328341526	-0.5538831224453842	-0.5859139101914463	-0.5702108081724622	Personal Care
-0.9927236958390556	0.13393546224014252	-0.7824357573437244	0.05294252299504074	-0.4097777726262929	-0.3012180044634027	-0.6019346647265424	-0.37272560091347334	-0.14715584481931773	1.7001389277176309	-1.0015011169137493	-0.5538831224453842	-0.5859139101914463	1.7533866171431942	Fruits
-0.3584774246504296	0.8193077999749828	1.124410865849424	-0.8120383163114204	2.4398590328416683	-0.3012180044634027	-0.6019346647265424	-0.37272560091347334	-0.14715584481931773	-0.5880695887260177	-1.0015011169137493	-0.5538831224453842	-0.5859139101914463	1.7533866171431942	Baby Food
-0.9344466479070915	1.093456735068919	-0.2732711600072855	-0.9633499189033083	-0.4097777726262929	3.3191907030294185	-0.6019346647265424	-0.37272560091347334	-0.14715584481931773	-0.5880695887260177	0.9983014328341526	-0.5538831224453842	-0.5859139101914463	1.7533866171431942	Beverages
-0.2110747633091004	1.3676056701628552	-0.27831239364427995	0.21420432167573758	-0.4097777726262929	-0.3012180044634027	1.6609776086815118	-0.37272560091347334	-0.14715584481931773	-0.5880695887260177	-1.0015011169137493	-0.5538831224453842	-0.5859139101914463	1.7533866171431942	Snacks
-0.6832166931903413	1.230531202615887	1.0513129781130048	-1.1139753010752784	2.4398590328416683	-0.3012180044634027	-0.6019346647265424	-0.37272560091347334	-0.14715584481931773	-0.5880695887260177	-1.0015011169137493	-0.5538831224453842	-0.5859139101914463	-0.5702108081724622	Clothes
-1.0161543734270009	1.093456735068919	0.6795219973846645	-1.2244567886820537	-0.4097777726262929	-0.3012180044634027	-0.6019346647265424	2.682402275426472	-0.14715584481931773	-0.5880695887260177	0.9983014328341526	1.8050739578160475	-0.5859139101914463	-0.5702108081724622	Fruits
0.1451739659042693	0.6822333324280148	1.2743875665500088	-0.8415457943678883	-0.4097777726262929	-0.3012180044634027	-0.6019346647265424	-0.37272560091347334	-0.14715584481931773	1.7001389277176309	0.9983014328341526	-0.5538831224453842	-0.5859139101914463	1.7533866171431942	Cosmetics
0.1420096703180274	0.6136960986545308	-0.9601392430477785	0.005250203810749547	-0.4097777726262929	-0.3012180044634027	1.6609776086815118	-0.37272560091347334	-0.14715584481931773	-0.5880695887260177	0.9983014328341526	-0.5538831224453842	1.7063940326545877	-0.5702108081724622	Cereal
-0.644745427075631	0.5451588648810467	-0.6324590566431397	0.2694450654791253	-0.4097777726262929	-0.3012180044634027	-0.6019346647265424	-0.37272560091347334	-0.14715584481931773	1.7001389277176309	0.9983014328341526	-0.5538831224453842	-0.5859139101914463	-0.5702108081724622	Personal Care
-0.130745678538576	1.2990684363893712	1.1874262863118548	-0.3992767337308283	-0.4097777726262929	-0.3012180044634027	1.6609776086815118	-0.37272560091347334	-0.14715584481931773	-0.5880695887260177	0.9983014328341526	-0.5538831224453842	-0.5859139101914463	-0.5702108081724622	Cereal
0.2788617201092171	-0.825585810588634	-1.3911647190108036	0.06152027824401397	-0.4097777726262929	-0.3012180044634027	-0.6019346647265424	2.682402275426472	-0.14715584481931773	-0.5880695887260177	-1.0015011169137493	-0.5538831224453842	-0.5859139101914463	1.7533866171431942	Baby Food
-0.5092152721328844	-1.5109581483234744	0.3215944091580589	0.9800263103040681	-0.4097777726262929	-0.3012180044634027	-0.6019346647265424	-0.37272560091347334	-0.14715584481931773	-0.5880695887260177	-1.0015011169137493	-0.5538831224453842	1.7063940326545877	-0.5702108081724622	Personal Care
0.5873481321916165	-0.688511343041666	-0.2568871506870536	0.6657373579816888	-0.4097777726262929	-0.3012180044634027	-0.6019346647265424	2.682402275426472	-0.14715584481931773	-0.5880695887260177	-1.0015011169137493	1.8050739578160475	-0.5859139101914463	-0.5702108081724622	Cereal
0.8092294359787735	-0.9626602781356021	1.1874262863118548	1.5561083528251107	-0.4097777726262929	-0.3012180044634027	1.6609776086815118	-0.37272560091347334	-0.14715584481931773	-0.5880695887260177	0.9983014328341526	1.8050739578160475	-0.5859139101914463	-0.5702108081724622	Clothes
-0.3835014007446584	1.161993968842403	0.85596517467947	1.6391410236351718	-0.4097777726262929	-0.3012180044634027	1.6609776086815118	-0.37272560091347334	-0.14715584481931773	-0.5880695887260177	0.9983014328341526	1.8050739578160475	-0.5859139101914463	-0.5702108081724622	Personal Care
-0.4480305517019098	-0.14021347285379362	-1.2449689435379647	-0.3999629541507461	-0.4097777726262929	-0.3012180044634027	-0.6019346647265424	-0.37272560091347334	-0.14715584481931773	-0.5880695887260177	0.9983014328341526	-0.5538831224453842	1.7063940326545877	-0.5702108081724622	Meat
-0.7024651743762117	-1.2368092132295383	0.7866482121707964	-0.033178139704650556	-0.4097777726262929	-0.3012180044634027	1.6609776086815118	-0.37272560091347334	-0.14715584481931773	-0.5880695887260177	0.9983014328341526	-0.5538831224453842	-0.5859139101914463	1.7533866171431942	Personal Care
0.20622122180576538	-0.9626602781356021	-0.6488430659633716	1.102859765469365	-0.4097777726262929	-0.3012180044634027	-0.6019346647265424	-0.37272560091347334	-0.14715584481931773	1.7001389277176309	-1.0015011169137493	-0.5538831224453842	-0.5859139101914463	-0.5702108081724622	Meat
-0.9872231822178188	0.9563822675219509	-0.4774411223055605	0.3528208464991451	-0.4097777726262929	-0.3012180044634027	-0.6019346647265424	2.682402275426472	-0.14715584481931773	-0.5880695887260177	-1.0015011169137493	1.8050739578160475	-0.5859139101914463	-0.5702108081724622	Fruits
-1.0085707133428017	-1.168271979456054	-0.2127763563633522	-0.8110089856815437	-0.4097777726262929	-0.3012180044634027	-0.6019346647265424	2.682402275426472	-0.14715584481931773	-0.5880695887260177	-1.0015011169137493	-0.5538831224453842	-0.5859139101914463	1.7533866171431942	Fruits
-0.9662343802420472	0.06539822846665848	1.1029856228921977	1.497093396712175	-0.4097777726262929	-0.3012180044634027	1.6609776086815118	-0.37272560091347334	-0.14715584481931773	-0.5880695887260177	-1.0015011169137493	-0.5538831224453842	-0.5859139101914463	1.7533866171431942	Fruits
0.8144075451393449	-0.9626602781356021	1.1912072115396006	1.5653723284940018	-0.4097777726262929	-0.3012180044634027	-0.6019346647265424	2.682402275426472	-0.14715584481931773	-0.5880695887260177	-1.0015011169137493	-0.5538831224453842	-0.5859139101914463	1.7533866171431942	Clothes
-1.0023842088923716	-0.2772879404007617	0.1867414093684575	-0.47373164929191597	2.4398590328416683	-0.3012180044634027	-0.6019346647265424	-0.37272560091347334	-0.14715584481931773	-0.5880695887260177	0.9983014328341526	-0.5538831224453842	1.7063940326545877	-0.5702108081724622	Fruits
-0.028543020568255778	0.13393546224014252	-1.3974662610570465	-0.3598190595855514	-0.4097777726262929	-0.3012180044634027	-0.6019346647265424	-0.37272560091347334	-0.14715584481931773	-0.5880695887260177	0.9983014328341526	-0.5538831224453842	1.7063940326545877	-0.5702108081724622	Baby Food
-1.0128272304232382	0.9563822675219509	-0.767312056432741	-1.713045727663569	-0.4097777726262929	-0.3012180044634027	-0.6019346647265424	2.682402275426472	-0.14715584481931773	-0.5880695887260177	-1.0015011169137493	-0.5538831224453842	-0.5859139101914463	1.7533866171431942	Office Supplies
0.40154883878292696	0.20247269601362655	-1.6570897933622606	-0.5948495534074182	2.4398590328416683	-0.3012180044634027	-0.6019346647265424	-0.37272560091347334	-0.14715584481931773	-0.5880695887260177	-1.0015011169137493	-0.5538831224453842	-0.5859139101914463	-0.5702108081724622	Household
-0.9325654938710888	-1.3738836807765062	1.4533513606633117	-0.9475668492451976	-0.4097777726262929	-0.3012180044634027	-0.6019346647265424	-0.37272560091347334	-0.14715584481931773	1.7001389277176309	0.9983014328341526	1.8050739578160475	-0.5859139101914463	-0.5702108081724622	Beverages
2.378624025274002	1.5046801377098231	0.7148106328436256	0.8462133284200856	-0.4097777726262929	-0.3012180044634027	-0.6019346647265424	-0.37272560091347334	-0.14715584481931773	1.7001389277176309	-1.0015011169137493	-0.5538831224453842	1.7063940326545877	-0.5702108081724622	Cosmetics
1.1354346968735234	-0.894123044362118	0.6896044646586533	0.5226604004288151	2.4398590328416683	-0.3012180044634027	-0.6019346647265424	-0.37272560091347334	-0.14715584481931773	-0.5880695887260177	-1.0015011169137493	-0.5538831224453842	1.7063940326545877	-0.5702108081724622	Office Supplies
-0.4334990049823495	0.2710099297871106	-0.19387173022462303	1.3770048232265495	-0.4097777726262929	-0.3012180044634027	-0.6019346647265424	2.682402275426472	-0.14715584481931773	-0.5880695887260177	0.9983014328341526	-0.5538831224453842	-0.5859139101914463	-0.5702108081724622	Personal Care
-0.7859112621298461	-1.0311975119090862	-1.555004812213123	-1.1760782490778445	-0.4097777726262929	-0.3012180044634027	-0.6019346647265424	-0.37272560091347334	-0.14715584481931773	-0.5880695887260177	-1.0015011169137493	1.8050739578160475	-0.5859139101914463	-0.5702108081724622	Meat
-0.9068018625084421	0.6136960986545308	1.179864435856363	-0.731407416971072	2.4398590328416683	-0.3012180044634027	-0.6019346647265424	-0.37272560091347334	-0.14715584481931773	-0.5880695887260177	0.9983014328341526	1.8050739578160475	-0.5859139101914463	-0.5702108081724622	Beverages
0.2634309088499296	-0.7570485768151499	0.6606173712459353	1.234270975883635	2.4398590328416683	-0.3012180044634027	-0.6019346647265424	-0.37272560091347334	-0.14715584481931773	-0.5880695887260177	0.9983014328341526	-0.5538831224453842	-0.5859139101914463	-0.5702108081724622	Meat
0.2254455735795463	0.40808439733407864	0.6984266235233936	0.5116808737101294	-0.4097777726262929	3.3191907030294185	-0.6019346647265424	-0.37272560091347334	-0.14715584481931773	-0.5880695887260177	-1.0015011169137493	1.8050739578160475	-0.5859139101914463	-0.5702108081724622	Clothes
-0.8044454709353407	-1.6480326158704424	0.15775431595573947	-1.266316234297043	-0.4097777726262929	-0.3012180044634027	1.6609776086815118	-0.37272560091347334	-0.14715584481931773	-0.5880695887260177	0.9983014328341526	-0.5538831224453842	-0.5859139101914463	1.7533866171431942	Vegetables
0.4496984799832792	-1.3738836807765062	-1.3987265694662951	1.66212940770242	-0.4097777726262929	-0.3012180044634027	1.6609776086815118	-0.37272560091347334	-0.14715584481931773	-0.5880695887260177	0.9983014328341526	-0.5538831224453842	1.7063940326545877	-0.5702108081724622	Meat
-0.1685968135397743	-0.9626602781356021	1.1697819685823743	0.3154218336136218	-0.4097777726262929	-0.3012180044634027	-0.6019346647265424	2.682402275426472	-0.14715584481931773	-0.5880695887260177	-1.0015011169137493	-0.5538831224453842	1.7063940326545877	-0.5702108081724622	Snacks
0.7612362181316841	-1.6480326158704424	-0.437111253209605	0.13323031212543024	-0.4097777726262929	-0.3012180044634027	1.6609776086815118	-0.37272560091347334	-0.14715584481931773	-0.5880695887260177	0.9983014328341526	-0.5538831224453842	-0.5859139101914463	1.7533866171431942	Office Supplies
-0.9489193334850399	1.5046801377098231	-1.7087624381414537	-1.325331190409979	-0.4097777726262929	-0.3012180044634027	-0.6019346647265424	-0.37272560091347334	-0.14715584481931773	1.7001389277176309	0.9983014328341526	-0.5538831224453842	-0.5859139101914463	-0.5702108081724622	Personal Care
0.3123039884735619	0.2710099297871106	-1.3747807096905715	1.0579123279647453	-0.4097777726262929	-0.3012180044634027	-0.6019346647265424	-0.37272560091347334	-0.14715584481931773	1.7001389277176309	0.9983014328341526	-0.5538831224453842	1.7063940326545877	-0.5702108081724622	Vegetables
-0.6898148339208188	-0.2772879404007617	0.8244574644482547	1.0891353570710078	-0.4097777726262929	-0.3012180044634027	-0.6019346647265424	-0.37272560091347334	-0.14715584481931773	1.7001389277176309	-1.0015011169137493	-0.5538831224453842	-0.5859139101914463	1.7533866171431942	Beverages
0.33168126431357126	-1.168271979456054	-1.4428373637899967	0.1339165325453481	-0.4097777726262929	-0.3012180044634027	1.6609776086815118	-0.37272560091347334	-0.14715584481931773	-0.5880695887260177	0.9983014328341526	1.8050739578160475	-0.5859139101914463	-0.5702108081724622	Baby Food
-0.6908098065723506	-0.825585810588634	1.71801612660552	-1.460859723343756	-0.4097777726262929	-0.3012180044634027	-0.6019346647265424	2.682402275426472	-0.14715584481931773	-0.5880695887260177	-1.0015011169137493	1.8050739578160475	-0.5859139101914463	-0.5702108081724622	Household
2.1348675292139436	-0.20875070662727765	-0.2732711600072855	0.7793068374780944	-0.4097777726262929	-0.3012180044634027	1.6609776086815118	-0.37272560091347334	-0.14715584481931773	-0.5880695887260177	-1.0015011169137493	-0.5538831224453842	-0.5859139101914463	1.7533866171431942	Household
-0.2935827809966391	-0.9626602781356021	1.6524800893245921	0.01760217136927101	-0.4097777726262929	-0.3012180044634027	-0.6019346647265424	-0.37272560091347334	-0.14715584481931773	-0.5880695887260177	0.9983014328341526	-0.5538831224453842	-0.5859139101914463	-0.5702108081724622	Snacks
-0.6185032290398795	-0.5514368754946979	-0.2934360945552633	0.40703225967265594	2.4398590328416683	-0.3012180044634027	-0.6019346647265424	-0.37272560091347334	-0.14715584481931773	-0.5880695887260177	0.9983014328341526	-0.5538831224453842	-0.5859139101914463	-0.5702108081724622	Personal Care
0.39196813036526545	-0.5514368754946979	-1.289079737861666	1.6511498809837342	-0.4097777726262929	-0.3012180044634027	-0.6019346647265424	2.682402275426472	-0.14715584481931773	-0.5880695887260177	-1.0015011169137493	-0.5538831224453842	1.7063940326545877	-0.5702108081724622	Snacks
0.34166535696125844	-1.6480326158704424	0.5106406705453506	0.7196056609452406	-0.4097777726262929	-0.3012180044634027	1.6609776086815118	-0.37272560091347334	-0.14715584481931773	-0.5880695887260177	0.9983014328341526	-0.5538831224453842	-0.5859139101914463	1.7533866171431942	Clothes
-0.7690277766977178	1.5732173714833073	-1.1617885885275563	0.42453088038056136	-0.4097777726262929	3.3191907030294185	-0.6019346647265424	-0.37272560091347334	-0.14715584481931773	-0.5880695887260177	-1.0015011169137493	1.8050739578160475	-0.5859139101914463	-0.5702108081724622	Beverages
2.2179629570698127	1.5046801377098231	1.6184517622748797	0.8451839977902088	-0.4097777726262929	-0.3012180044634027	-0.6019346647265424	-0.37272560091347334	-0.14715584481931773	1.7001389277176309	0.9983014328341526	1.8050739578160475	-0.5859139101914463	-0.5702108081724622	Household
-0.9745858465754351	0.20247269601362655	-1.7251464474616856	1.0417861480966755	-0.4097777726262929	-0.3012180044634027	-0.6019346647265424	-0.37272560091347334	-0.14715584481931773	1.7001389277176309	-1.0015011169137493	-0.5538831224453842	1.7063940326545877	-0.5702108081724622	Fruits
0.022625956947226102	0.6822333324280148	-0.3488896645622022	0.7710721924390801	-0.4097777726262929	-0.3012180044634027	-0.6019346647265424	-0.37272560091347334	-0.14715584481931773	1.7001389277176309	-1.0015011169137493	-0.5538831224453842	1.7063940326545877	-0.5702108081724622	Snacks
-0.8086158898862769	1.6417546052567913	1.3172380524644616	-1.2282310009916018	-0.4097777726262929	-0.3012180044634027	-0.6019346647265424	-0.37272560091347334	-0.14715584481931773	1.7001389277176309	0.9983014328341526	1.8050739578160475	-0.5859139101914463	-0.5702108081724622	Meat
0.4484768632110512	-0.825585810588634	-0.715639411653548	1.341321361390821	-0.4097777726262929	-0.3012180044634027	1.6609776086815118	-0.37272560091347334	-0.14715584481931773	-0.5880695887260177	-1.0015011169137493	1.8050739578160475	-0.5859139101914463	-0.5702108081724622	Vegetables
-0.17946802767889694	-0.9626602781356021	-1.0534020653321758	0.03441457165725855	-0.4097777726262929	-0.3012180044634027	-0.6019346647265424	-0.37272560091347334	-0.14715584481931773	1.7001389277176309	-1.0015011169137493	-0.5538831224453842	1.7063940326545877	-0.5702108081724622	Vegetables
2.35274342893652	0.9563822675219509	-0.8933428973576022	0.8266560464524266	-0.4097777726262929	-0.3012180044634027	-0.6019346647265424	-0.37272560091347334	-0.14715584481931773	-0.5880695887260177	0.9983014328341526	-0.5538831224453842	1.7063940326545877	-0.5702108081724622	Cosmetics
-1.0123918564423366	0.40808439733407864	0.7223724832991172	-1.6173179790850278	-0.4097777726262929	-0.3012180044634027	1.6609776086815118	-0.37272560091347334	-0.14715584481931773	-0.5880695887260177	-1.0015011169137493	-0.5538831224453842	-0.5859139101914463	-0.5702108081724622	Beverages
-0.9650260294236519	0.6136960986545308	-1.5915537560813326	-1.6433943550419063	2.4398590328416683	-0.3012180044634027	-0.6019346647265424	-0.37272560091347334	-0.14715584481931773	-0.5880695887260177	0.9983014328341526	1.8050739578160475	-0.5859139101914463	-0.5702108081724622	Baby Food
-1.0208115588728992	0.6136960986545308	-0.602211654821173	-1.4783583440516614	-0.4097777726262929	-0.3012180044634027	-0.6019346647265424	-0.37272560091347334	-0.14715584481931773	1.7001389277176309	0.9983014328341526	-0.5538831224453842	-0.5859139101914463	-0.5702108081724622	Fruits
2.2905391886166067	0.40808439733407864	0.9731738567395909	0.7796499476880533	2.4398590328416683	-0.3012180044634027	-0.6019346647265424	-0.37272560091347334	-0.14715584481931773	-0.5880695887260177	0.9983014328341526	-0.5538831224453842	-0.5859139101914463	1.7533866171431942	Cosmetics
-1.0092692911596861	-0.9626602781356021	-0.8555336450801438	-0.8490942189869848	-0.4097777726262929	-0.3012180044634027	-0.6019346647265424	-0.37272560091347334	-0.14715584481931773	1.7001389277176309	0.9983014328341526	-0.5538831224453842	1.7063940326545877	-0.5702108081724622	Fruits
-0.8689790090584266	0.06539822846665848	0.9555295390101103	-1.3534662276266112	2.4398590328416683	-0.3012180044634027	-0.6019346647265424	-0.37272560091347334	-0.14715584481931773	-0.5880695887260177	-1.0015011169137493	-0.5538831224453842	-0.5859139101914463	-0.5702108081724622	Snacks
0.46781186035173966	-0.7570485768151499	1.5932455940899075	-0.17213777473801697	-0.4097777726262929	-0.3012180044634027	1.6609776086815118	-0.37272560091347334	-0.14715584481931773	-0.5880695887260177	0.9983014328341526	-0.5538831224453842	-0.5859139101914463	1.7533866171431942	Office Supplies
0.6148040344326444	0.20247269601362655	0.3682258203002575	0.5219741800088973	-0.4097777726262929	-0.3012180044634027	1.6609776086815118	-0.37272560091347334	-0.14715584481931773	-0.5880695887260177	0.9983014328341526	-0.5538831224453842	-0.5859139101914463	-0.5702108081724622	Baby Food
0.9404828354272635	-1.168271979456054	-1.3205874480928814	0.9683605631654645	2.4398590328416683	-0.3012180044634027	-0.6019346647265424	-0.37272560091347334	-0.14715584481931773	-0.5880695887260177	0.9983014328341526	-0.5538831224453842	-0.5859139101914463	-0.5702108081724622	Baby Food
-1.0180424215807435	-1.2368092132295383	-1.4390564385622509	-1.3273898516697324	2.4398590328416683	-0.3012180044634027	-0.6019346647265424	-0.37272560091347334	-0.14715584481931773	-0.5880695887260177	-1.0015011169137493	-0.5538831224453842	-0.5859139101914463	1.7533866171431942	Fruits
0.5364508717029629	-0.41436240794772977	0.7160709412528742	0.4145806842917524	-0.4097777726262929	-0.3012180044634027	-0.6019346647265424	-0.37272560091347334	-0.14715584481931773	1.7001389277176309	-1.0015011169137493	-0.5538831224453842	1.7063940326545877	-0.5702108081724622	Baby Food
0.19525163591843864	1.5732173714833073	-0.6160750473229077	-0.05307853188226846	-0.4097777726262929	-0.3012180044634027	1.6609776086815118	-0.37272560091347334	-0.14715584481931773	-0.5880695887260177	-1.0015011169137493	-0.5538831224453842	-0.5859139101914463	1.7533866171431942	Baby Food
-0.9882427282208398	0.8878450337484669	1.4155421083858533	0.29723699248579855	-0.4097777726262929	-0.3012180044634027	-0.6019346647265424	2.682402275426472	-0.14715584481931773	-0.5880695887260177	-1.0015011169137493	1.8050739578160475	-0.5859139101914463	-0.5702108081724622	Fruits
-0.9739237762456726	1.3676056701628552	0.35058150257077697	-1.6725587228884153	-0.4097777726262929	-0.3012180044634027	-0.6019346647265424	-0.37272560091347334	-0.14715584481931773	-0.5880695887260177	-1.0015011169137493	-0.5538831224453842	-0.5859139101914463	-0.5702108081724622	Office Supplies
-0.1122058813194591	-0.688511343041666	-1.2058993828512576	0.1744035373205018	-0.4097777726262929	-0.3012180044634027	1.6609776086815118	-0.37272560091347334	-0.14715584481931773	-0.5880695887260177	-1.0015011169137493	-0.5538831224453842	-0.5859139101914463	1.7533866171431942	Vegetables
-0.3785031131551337	-1.3053464470030223	-0.014907936111320259	-1.0529016837025889	-0.4097777726262929	-0.3012180044634027	1.6609776086815118	-0.37272560091347334	-0.14715584481931773	-0.5880695887260177	-1.0015011169137493	-0.5538831224453842	1.7063940326545877	-0.5702108081724622	Office Supplies
1.0764201350278941	-0.5514368754946979	-1.14036334557033	0.4612436728461668	-0.4097777726262929	-0.3012180044634027	1.6609776086815118	-0.37272560091347334	-0.14715584481931773	-0.5880695887260177	0.9983014328341526	1.8050739578160475	-0.5859139101914463	-0.5702108081724622	Office Supplies
2.3313535929981333	-1.3738836807765062	1.2529623235927825	0.9350788727994483	-0.4097777726262929	-0.3012180044634027	1.6609776086815118	-0.37272560091347334	-0.14715584481931773	-0.5880695887260177	-1.0015011169137493	1.8050739578160475	-0.5859139101914463	-0.5702108081724622	Household
-0.10914181158126789	-0.34582517417424574	1.4054596411118645	-0.9997196011589549	2.4398590328416683	-0.3012180044634027	-0.6019346647265424	-0.37272560091347334	-0.14715584481931773	-0.5880695887260177	0.9983014328341526	-0.5538831224453842	-0.5859139101914463	-0.5702108081724622	Household
-0.5346721674842743	-0.14021347285379362	0.9051172026401658	0.8465564386300445	-0.4097777726262929	-0.3012180044634027	-0.6019346647265424	2.682402275426472	-0.14715584481931773	-0.5880695887260177	-1.0015011169137493	1.8050739578160475	-0.5859139101914463	-0.5702108081724622	Personal Care
0.26698216290840066	-0.825585810588634	0.1388496898170103	1.3533302187393834	-0.4097777726262929	-0.3012180044634027	-0.6019346647265424	-0.37272560091347334	-0.14715584481931773	1.7001389277176309	0.9983014328341526	-0.5538831224453842	1.7063940326545877	-0.5702108081724622	Snacks
-0.4236230246355821	-1.3738836807765062	0.0014760732089116853	-0.47373164929191597	-0.4097777726262929	3.3191907030294185	-0.6019346647265424	-0.37272560091347334	-0.14715584481931773	-0.5880695887260177	0.9983014328341526	-0.5538831224453842	-0.5859139101914463	1.7533866171431942	Vegetables
-0.0922580388942337	-1.7165698496439263	0.11742444685978391	0.21591987272553223	-0.4097777726262929	-0.3012180044634027	-0.6019346647265424	-0.37272560091347334	-0.14715584481931773	1.7001389277176309	-1.0015011169137493	1.8050739578160475	-0.5859139101914463	-0.5702108081724622	Vegetables
-0.8005871674966248	-0.894123044362118	0.6202875021499797	-1.323958749570143	-0.4097777726262929	-0.3012180044634027	1.6609776086815118	-0.37272560091347334	-0.14715584481931773	-0.5880695887260177	0.9983014328341526	-0.5538831224453842	1.7063940326545877	-0.5702108081724622	Clothes
-0.8039655463299538	1.3676056701628552	0.3745273623465006	-0.5653420753509503	-0.4097777726262929	-0.3012180044634027	1.6609776086815118	-0.37272560091347334	-0.14715584481931773	-0.5880695887260177	-1.0015011169137493	-0.5538831224453842	-0.5859139101914463	1.7533866171431942	Personal Care
-0.5329052364444606	-0.7570485768151499	-1.3747807096905715	0.8558204142989356	2.4398590328416683	-0.3012180044634027	-0.6019346647265424	-0.37272560091347334	-0.14715584481931773	-0.5880695887260177	0.9983014328341526	-0.5538831224453842	1.7063940326545877	-0.5702108081724622	Personal Care
-0.6421277514610922	-0.0716762390803096	0.5749163994170298	0.2831694738774824	-0.4097777726262929	3.3191907030294185	-0.6019346647265424	-0.37272560091347334	-0.14715584481931773	-0.5880695887260177	0.9983014328341526	1.8050739578160475	-0.5859139101914463	-0.5702108081724622	Personal Care
0.18694615648406515	1.2990684363893712	1.2895112674609923	-0.8099796550516669	-0.4097777726262929	-0.3012180044634027	1.6609776086815118	-0.37272560091347334	-0.14715584481931773	-0.5880695887260177	0.9983014328341526	-0.5538831224453842	-0.5859139101914463	-0.5702108081724622	Cosmetics
1.1236050436840734	0.20247269601362655	1.530230173627477	1.4610668246664873	-0.4097777726262929	-0.3012180044634027	-0.6019346647265424	2.682402275426472	-0.14715584481931773	-0.5880695887260177	-1.0015011169137493	-0.5538831224453842	-0.5859139101914463	-0.5702108081724622	Cereal
0.7137220892393468	1.5046801377098231	-0.7862166825714703	1.385239468265564	-0.4097777726262929	-0.3012180044634027	-0.6019346647265424	-0.37272560091347334	-0.14715584481931773	1.7001389277176309	0.9983014328341526	-0.5538831224453842	1.7063940326545877	-0.5702108081724622	Clothes
0.009875077274794426	-1.168271979456054	1.2554829404112797	-0.9053642934202493	-0.4097777726262929	-0.3012180044634027	1.6609776086815118	-0.37272560091347334	-0.14715584481931773	-0.5880695887260177	-1.0015011169137493	-0.5538831224453842	-0.5859139101914463	-0.5702108081724622	Household
-0.26255893779851985	0.5451588648810467	1.3865550149731354	-1.149658762911007	-0.4097777726262929	-0.3012180044634027	-0.6019346647265424	-0.37272560091347334	-0.14715584481931773	1.7001389277176309	0.9983014328341526	-0.5538831224453842	1.7063940326545877	-0.5702108081724622	Cosmetics
-0.6079670846913608	0.3395471635605946	-1.2122009248975008	0.46227300347604355	-0.4097777726262929	-0.3012180044634027	1.6609776086815118	-0.37272560091347334	-0.14715584481931773	-0.5880695887260177	-1.0015011169137493	-0.5538831224453842	-0.5859139101914463	-0.5702108081724622	Personal Care
0.8177674090882892	-0.20875070662727765	0.24849652142163947	1.0074751271007827	-0.4097777726262929	-0.3012180044634027	1.6609776086815118	-0.37272560091347334	-0.14715584481931773	-0.5880695887260177	-1.0015011169137493	-0.5538831224453842	-0.5859139101914463	-0.5702108081724622	Cereal
-0.8226406667237967	-0.41436240794772977	0.826978081266752	-0.025286604875595173	-0.4097777726262929	-0.3012180044634027	1.6609776086815118	-0.37272560091347334	-0.14715584481931773	-0.5880695887260177	-1.0015011169137493	-0.5538831224453842	1.7063940326545877	-0.5702108081724622	Beverages
0.9497450303825297	1.5732173714833073	-0.41442570184313	0.9810556409339448	-0.4097777726262929	-0.3012180044634027	-0.6019346647265424	-0.37272560091347334	-0.14715584481931773	1.7001389277176309	-1.0015011169137493	-0.5538831224453842	-0.5859139101914463	1.7533866171431942	Baby Food
0.40517070532006616	-0.5514368754946979	1.1483567256251477	-0.23732871463021357	-0.4097777726262929	-0.3012180044634027	1.6609776086815118	-0.37272560091347334	-0.14715584481931773	-0.5880695887260177	0.9983014328341526	-0.5538831224453842	-0.5859139101914463	-0.5702108081724622	Office Supplies
-0.8654982630222945	-1.3738836807765062	0.3946922968944783	-0.38486610491255324	2.4398590328416683	-0.3012180044634027	-0.6019346647265424	-0.37272560091347334	-0.14715584481931773	-0.5880695887260177	0.9983014328341526	-0.5538831224453842	1.7063940326545877	-0.5702108081724622	Beverages
-0.8135855042133838	0.06539822846665848	1.3210189776922074	-0.6157792762149128	-0.4097777726262929	-0.3012180044634027	-0.6019346647265424	-0.37272560091347334	-0.14715584481931773	1.7001389277176309	-1.0015011169137493	-0.5538831224453842	-0.5859139101914463	-0.5702108081724622	Personal Care
-0.9849924389614267	-1.4424209145499902	1.3311014449661964	-1.387434138412545	-0.4097777726262929	3.3191907030294185	-0.6019346647265424	-0.37272560091347334	-0.14715584481931773	-0.5880695887260177	0.9983014328341526	-0.5538831224453842	-0.5859139101914463	1.7533866171431942	Beverages
-0.4770512358712976	-1.168271979456054	0.24723621301239085	-0.7451318253694292	-0.4097777726262929	-0.3012180044634027	-0.6019346647265424	-0.37272560091347334	-0.14715584481931773	1.7001389277176309	-1.0015011169137493	1.8050739578160475	-0.5859139101914463	-0.5702108081724622	Clothes
-0.5945514971668494	-0.6199741092681819	-1.7377495315541716	0.5326105965176241	-0.4097777726262929	-0.3012180044634027	-0.6019346647265424	-0.37272560091347334	6.79415759005416	-0.5880695887260177	-1.0015011169137493	-0.5538831224453842	-0.5859139101914463	-0.5702108081724622	Personal Care
0.7066749952051465	1.2990684363893712	1.3386632954216882	0.6478956270638244	2.4398590328416683	-0.3012180044634027	-0.6019346647265424	-0.37272560091347334	-0.14715584481931773	-0.5880695887260177	0.9983014328341526	1.8050739578160475	-0.5859139101914463	-0.5702108081724622	Baby Food
-1.0212143424790308	-0.20875070662727765	-1.6091980738108134	-1.500317397489033	-0.4097777726262929	-0.3012180044634027	-0.6019346647265424	-0.37272560091347334	-0.14715584481931773	1.7001389277176309	-1.0015011169137493	-0.5538831224453842	-0.5859139101914463	1.7533866171431942	Fruits
-0.6183195425846454	-0.34582517417424574	1.6600419397800839	-1.1681867142487892	-0.4097777726262929	-0.3012180044634027	-0.6019346647265424	-0.37272560091347334	-0.14715584481931773	1.7001389277176309	-1.0015011169137493	-0.5538831224453842	1.7063940326545877	-0.5702108081724622	Baby Food
-0.9896398838546093	-0.41436240794772977	-0.6387605986893827	0.22106652587491618	-0.4097777726262929	-0.3012180044634027	-0.6019346647265424	2.682402275426472	-0.14715584481931773	-0.5880695887260177	0.9983014328341526	1.8050739578160475	-0.5859139101914463	-0.5702108081724622	Fruits
-0.08714743463653124	1.093456735068919	-0.5757451782269521	0.22655628923425905	-0.4097777726262929	-0.3012180044634027	-0.6019346647265424	-0.37272560091347334	-0.14715584481931773	1.7001389277176309	-1.0015011169137493	-0.5538831224453842	1.7063940326545877	-0.5702108081724622	Vegetables
0.06138980524056077	-0.6199741092681819	-0.30225825342000356	0.5356985884072545	-0.4097777726262929	-0.3012180044634027	1.6609776086815118	-0.37272560091347334	-0.14715584481931773	-0.5880695887260177	-1.0015011169137493	1.8050739578160475	-0.5859139101914463	-0.5702108081724622	Vegetables
-0.9716116876227672	-0.41436240794772977	0.44384432485517417	-1.6142299871953973	-0.4097777726262929	-0.3012180044634027	-0.6019346647265424	-0.37272560091347334	-0.14715584481931773	1.7001389277176309	0.9983014328341526	-0.5538831224453842	-0.5859139101914463	1.7533866171431942	Vegetables
-1.0198612413021821	0.6136960986545308	-1.18573444830328	-1.4265487023478631	2.4398590328416683	-0.3012180044634027	-0.6019346647265424	-0.37272560091347334	-0.14715584481931773	-0.5880695887260177	-1.0015011169137493	1.8050739578160475	-0.5859139101914463	-0.5702108081724622	Fruits
1.2881906406398125	0.6136960986545308	1.1546582676713908	1.4449406447984177	-0.4097777726262929	-0.3012180044634027	-0.6019346647265424	-0.37272560091347334	-0.14715584481931773	-0.5880695887260177	-1.0015011169137493	-0.5538831224453842	-0.5859139101914463	-0.5702108081724622	Baby Food
0.37198265754737686	-1.3738836807765062	0.37200674552800334	1.1821182239698778	-0.4097777726262929	-0.3012180044634027	1.6609776086815118	-0.37272560091347334	-0.14715584481931773	-0.5880695887260177	-1.0015011169137493	1.8050739578160475	-0.5859139101914463	-0.5702108081724622	Vegetables
0.975544464152075	-0.14021347285379362	-1.3105049808188924	1.2414762902927725	-0.4097777726262929	-0.3012180044634027	-0.6019346647265424	-0.37272560091347334	-0.14715584481931773	-0.5880695887260177	-1.0015011169137493	-0.5538831224453842	1.7063940326545877	-0.5702108081724622	Cereal
-0.7569524161074578	0.06539822846665848	-1.350834849914848	-1.086526484278564	2.4398590328416683	-0.3012180044634027	-0.6019346647265424	-0.37272560091347334	-0.14715584481931773	-0.5880695887260177	0.9983014328341526	1.8050739578160475	-0.5859139101914463	-0.5702108081724622	Snacks
2.270107138876489	1.024919501295435	1.649959472506095	0.7642099882399015	-0.4097777726262929	-0.3012180044634027	1.6609776086815118	-0.37272560091347334	-0.14715584481931773	-0.5880695887260177	0.9983014328341526	-0.5538831224453842	1.7063940326545877	-0.5702108081724622	Cosmetics
-0.6329004449198429	-1.3738836807765062	-0.981564486005005	0.3315480134816915	-0.4097777726262929	-0.3012180044634027	1.6609776086815118	-0.37272560091347334	-0.14715584481931773	-0.5880695887260177	0.9983014328341526	-0.5538831224453842	-0.5859139101914463	-0.5702108081724622	Personal Care
-0.08729584096651356	1.7102918390302753	-1.5108940178894217	0.4286482029000685	-0.4097777726262929	-0.3012180044634027	1.6609776086815118	-0.37272560091347334	-0.14715584481931773	-0.5880695887260177	0.9983014328341526	-0.5538831224453842	-0.5859139101914463	1.7533866171431942	Meat
-0.9728928967309126	-0.825585810588634	0.9555295390101103	1.1340827945756276	-0.4097777726262929	-0.3012180044634027	-0.6019346647265424	-0.37272560091347334	-0.14715584481931773	-0.5880695887260177	-1.0015011169137493	-0.5538831224453842	-0.5859139101914463	-0.5702108081724622	Fruits
3.254477890800372	0.13393546224014252	-0.5454977764049855	1.5080729234308605	2.4398590328416683	-0.3012180044634027	-0.6019346647265424	-0.37272560091347334	-0.14715584481931773	-0.5880695887260177	0.9983014328341526	1.8050739578160475	-0.5859139101914463	-0.5702108081724622	Cosmetics
0.4324856176304986	0.6136960986545308	1.2151530713153242	1.3080396710248048	-0.4097777726262929	-0.3012180044634027	1.6609776086815118	-0.37272560091347334	-0.14715584481931773	-0.5880695887260177	0.9983014328341526	-0.5538831224453842	-0.5859139101914463	-0.5702108081724622	Vegetables
-0.906433810631833	-0.7570485768151499	-1.6797753447287356	-0.7283194250814417	-0.4097777726262929	-0.3012180044634027	1.6609776086815118	-0.37272560091347334	-0.14715584481931773	-0.5880695887260177	-1.0015011169137493	-0.5538831224453842	1.7063940326545877	-0.5702108081724622	Beverages
-0.6173495088817557	-0.825585810588634	0.85596517467947	1.6971266491182306	-0.4097777726262929	-0.3012180044634027	-0.6019346647265424	-0.37272560091347334	-0.14715584481931773	-0.5880695887260177	-1.0015011169137493	1.8050739578160475	-0.5859139101914463	-0.5702108081724622	Beverages
-0.12935113431304135	-0.894123044362118	0.14263061504475613	0.1387200754847731	-0.4097777726262929	-0.3012180044634027	-0.6019346647265424	-0.37272560091347334	-0.14715584481931773	1.7001389277176309	-1.0015011169137493	1.8050739578160475	-0.5859139101914463	-0.5702108081724622	Vegetables
-0.7513612866204745	-1.168271979456054	-1.5310589524373994	0.5727544910828188	-0.4097777726262929	-0.3012180044634027	1.6609776086815118	-0.37272560091347334	-0.14715584481931773	-0.5880695887260177	-1.0015011169137493	-0.5538831224453842	-0.5859139101914463	1.7533866171431942	Beverages
2.5321675436498174	0.7507705662014988	0.4035144557592186	1.0942820102203918	-0.4097777726262929	-0.3012180044634027	1.6609776086815118	-0.37272560091347334	-0.14715584481931773	-0.5880695887260177	-1.0015011169137493	-0.5538831224453842	-0.5859139101914463	1.7533866171431942	Household
0.5952783261485705	1.161993968842403	0.44006339962742835	0.4952115836321008	2.4398590328416683	-0.3012180044634027	-0.6019346647265424	-0.37272560091347334	-0.14715584481931773	-0.5880695887260177	-1.0015011169137493	1.8050739578160475	-0.5859139101914463	-0.5702108081724622	Baby Food
-0.3094220165038454	-0.894123044362118	-1.1643092053460535	-0.020139951726211233	-0.4097777726262929	-0.3012180044634027	-0.6019346647265424	-0.37272560091347334	-0.14715584481931773	1.7001389277176309	0.9983014328341526	-0.5538831224453842	1.7063940326545877	-0.5702108081724622	Snacks
-0.4194944404445669	1.4361429039363391	-0.030031637022303593	1.4504304081577606	-0.4097777726262929	-0.3012180044634027	-0.6019346647265424	-0.37272560091347334	-0.14715584481931773	-0.5880695887260177	-1.0015011169137493	-0.5538831224453842	-0.5859139101914463	1.7533866171431942	Personal Care
-0.7511926941048374	0.40808439733407864	-0.2682299263702911	-1.0728020758802068	-0.4097777726262929	-0.3012180044634027	-0.6019346647265424	-0.37272560091347334	-0.14715584481931773	-0.5880695887260177	0.9983014328341526	-0.5538831224453842	1.7063940326545877	-0.5702108081724622	Snacks
0.05660831676268712	-0.5514368754946979	1.67264502387257	0.8520462019893874	-0.4097777726262929	-0.3012180044634027	1.6609776086815118	-0.37272560091347334	-0.14715584481931773	-0.5880695887260177	-1.0015011169137493	-0.5538831224453842	-0.5859139101914463	1.7533866171431942	Snacks
0.7617820024527522	1.2990684363893712	1.1105474733476894	0.9244424562907215	-0.4097777726262929	-0.3012180044634027	-0.6019346647265424	2.682402275426472	-0.14715584481931773	-0.5880695887260177	-1.0015011169137493	-0.5538831224453842	-0.5859139101914463	1.7533866171431942	Cereal
1.6592327624764436	-0.825585810588634	0.6480142871534492	0.4022287167332309	-0.4097777726262929	-0.3012180044634027	-0.6019346647265424	-0.37272560091347334	-0.14715584481931773	1.7001389277176309	0.9983014328341526	1.8050739578160475	-0.5859139101914463	-0.5702108081724622	Household
-0.5003568008907148	-0.6199741092681819	-1.6066774569923161	-0.47510409013175164	-0.4097777726262929	-0.3012180044634027	1.6609776086815118	-0.37272560091347334	-0.14715584481931773	-0.5880695887260177	-1.0015011169137493	-0.5538831224453842	-0.5859139101914463	-0.5702108081724622	Snacks
0.17996103116727624	-1.3053464470030223	-0.26318869273329665	-0.77052198090639	-0.4097777726262929	-0.3012180044634027	-0.6019346647265424	2.682402275426472	-0.14715584481931773	-0.5880695887260177	0.9983014328341526	-0.5538831224453842	1.7063940326545877	-0.5702108081724622	Household
-1.00408345223074	-0.003139005306825558	-1.5272780272096536	-0.566371405980827	-0.4097777726262929	3.3191907030294185	-0.6019346647265424	-0.37272560091347334	-0.14715584481931773	-0.5880695887260177	0.9983014328341526	-0.5538831224453842	1.7063940326545877	-0.5702108081724622	Fruits
0.16525047241322213	0.2710099297871106	-0.7622708227957466	0.75185802068138	-0.4097777726262929	-0.3012180044634027	1.6609776086815118	-0.37272560091347334	-0.14715584481931773	-0.5880695887260177	0.9983014328341526	-0.5538831224453842	-0.5859139101914463	1.7533866171431942	Vegetables
-0.24057218616582887	-1.0311975119090862	-1.5171955599356648	-0.6504334074207647	-0.4097777726262929	-0.3012180044634027	1.6609776086815118	-0.37272560091347334	-0.14715584481931773	-0.5880695887260177	0.9983014328341526	-0.5538831224453842	-0.5859139101914463	1.7533866171431942	Baby Food
-0.740969187550186	0.13393546224014252	0.21194757755342974	-1.048441250973123	2.4398590328416683	-0.3012180044634027	-0.6019346647265424	-0.37272560091347334	-0.14715584481931773	-0.5880695887260177	0.9983014328341526	-0.5538831224453842	1.7063940326545877	-0.5702108081724622	Snacks
-0.322073845461932	-0.14021347285379362	0.05314871798810474	-1.168529824458748	-0.4097777726262929	-0.3012180044634027	-0.6019346647265424	2.682402275426472	-0.14715584481931773	-0.5880695887260177	0.9983014328341526	1.8050739578160475	-0.5859139101914463	-0.5702108081724622	Household
-0.523694956284902	-1.168271979456054	1.1849056694933575	-1.0384910548843138	-0.4097777726262929	-0.3012180044634027	1.6609776086815118	-0.37272560091347334	-0.14715584481931773	-0.5880695887260177	0.9983014328341526	-0.5538831224453842	-0.5859139101914463	-0.5702108081724622	Baby Food
-1.0165424809188532	0.2710099297871106	-1.3949456442385495	-1.7058404132544316	2.4398590328416683	-0.3012180044634027	-0.6019346647265424	-0.37272560091347334	-0.14715584481931773	-0.5880695887260177	-1.0015011169137493	-0.5538831224453842	-0.5859139101914463	1.7533866171431942	Meat
-0.3128483930205294	1.3676056701628552	1.6360960800043602	-0.089448214137915	-0.4097777726262929	-0.3012180044634027	-0.6019346647265424	-0.37272560091347334	-0.14715584481931773	1.7001389277176309	-1.0015011169137493	-0.5538831224453842	-0.5859139101914463	1.7533866171431942	Meat
-0.8847862809288393	-1.4424209145499902	0.9038568942309172	-0.989083184650228	-0.4097777726262929	3.3191907030294185	-0.6019346647265424	-0.37272560091347334	-0.14715584481931773	-0.5880695887260177	0.9983014328341526	-0.5538831224453842	-0.5859139101914463	1.7533866171431942	Personal Care
-0.9915170946641775	-0.34582517417424574	1.6764259491003157	-1.64545301630166	-0.4097777726262929	3.3191907030294185	-0.6019346647265424	-0.37272560091347334	-0.14715584481931773	-0.5880695887260177	-1.0015011169137493	1.8050739578160475	-0.5859139101914463	-0.5702108081724622	Snacks
0.7508093089896262	1.024919501295435	0.787908520580045	-0.317959613970562	-0.4097777726262929	-0.3012180044634027	1.6609776086815118	-0.37272560091347334	-0.14715584481931773	-0.5880695887260177	0.9983014328341526	-0.5538831224453842	-0.5859139101914463	-0.5702108081724622	Household
-0.8266304023389688	0.2710099297871106	-0.9286315328165633	-1.431352245287288	-0.4097777726262929	-0.3012180044634027	1.6609776086815118	-0.37272560091347334	-0.14715584481931773	-0.5880695887260177	0.9983014328341526	1.8050739578160475	-0.5859139101914463	-0.5702108081724622	Cereal
-0.2609079793984125	0.8193077999749828	-0.30225825342000356	-0.1350818720624526	-0.4097777726262929	-0.3012180044634027	1.6609776086815118	-0.37272560091347334	-0.14715584481931773	-0.5880695887260177	0.9983014328341526	-0.5538831224453842	-0.5859139101914463	-0.5702108081724622	Vegetables
-0.2975204451316098	0.3395471635605946	-0.7471471218847633	-1.1760782490778445	2.4398590328416683	-0.3012180044634027	-0.6019346647265424	-0.37272560091347334	-0.14715584481931773	-0.5880695887260177	0.9983014328341526	-0.5538831224453842	-0.5859139101914463	-0.5702108081724622	Cosmetics
-0.07450119409206703	-1.0311975119090862	0.08843735344706585	-0.024943494665636244	-0.4097777726262929	-0.3012180044634027	1.6609776086815118	-0.37272560091347334	-0.14715584481931773	-0.5880695887260177	-1.0015011169137493	-0.5538831224453842	1.7063940326545877	-0.5702108081724622	Clothes
0.4043515326708996	1.3676056701628552	1.6386166968228575	1.680657359040202	-0.4097777726262929	-0.3012180044634027	1.6609776086815118	-0.37272560091347334	-0.14715584481931773	-0.5880695887260177	0.9983014328341526	-0.5538831224453842	-0.5859139101914463	-0.5702108081724622	Snacks
1.0053879247139934	0.8878450337484669	-1.6028965317645703	1.2857375073774744	-0.4097777726262929	-0.3012180044634027	-0.6019346647265424	-0.37272560091347334	-0.14715584481931773	1.7001389277176309	-1.0015011169137493	-0.5538831224453842	1.7063940326545877	-0.5702108081724622	Cereal
-0.06967246523922638	-1.3053464470030223	-0.5707039445899578	0.2629259714899056	-0.4097777726262929	-0.3012180044634027	-0.6019346647265424	-0.37272560091347334	-0.14715584481931773	1.7001389277176309	0.9983014328341526	-0.5538831224453842	-0.5859139101914463	-0.5702108081724622	Vegetables
-0.49141199649230355	-1.2368092132295383	-1.3394920742316105	-0.9341855510567993	-0.4097777726262929	-0.3012180044634027	-0.6019346647265424	2.682402275426472	-0.14715584481931773	-0.5880695887260177	0.9983014328341526	-0.5538831224453842	-0.5859139101914463	-0.5702108081724622	Cereal
-0.9571840749509509	-1.0311975119090862	0.8484033242239784	-1.154119195640473	-0.4097777726262929	-0.3012180044634027	-0.6019346647265424	-0.37272560091347334	6.79415759005416	-0.5880695887260177	0.9983014328341526	-0.5538831224453842	-0.5859139101914463	1.7533866171431942	Beverages
-0.323059521500148	-0.14021347285379362	-0.9084665982685856	-0.26443442121696903	-0.4097777726262929	3.3191907030294185	-0.6019346647265424	-0.37272560091347334	-0.14715584481931773	-0.5880695887260177	0.9983014328341526	1.8050739578160475	-0.5859139101914463	-0.5702108081724622	Vegetables
-0.6516253387546407	-0.6199741092681819	0.8748698008181992	-0.8676221703247671	-0.4097777726262929	-0.3012180044634027	1.6609776086815118	-0.37272560091347334	-0.14715584481931773	-0.5880695887260177	-1.0015011169137493	-0.5538831224453842	1.7063940326545877	-0.5702108081724622	Meat
-0.7864080042042652	1.6417546052567913	-1.402507494694041	0.27870904114801637	-0.4097777726262929	-0.3012180044634027	-0.6019346647265424	-0.37272560091347334	-0.14715584481931773	1.7001389277176309	0.9983014328341526	-0.5538831224453842	-0.5859139101914463	-0.5702108081724622	Beverages
0.07969138980050151	1.2990684363893712	-1.0798685419263967	0.25091711414134305	-0.4097777726262929	3.3191907030294185	-0.6019346647265424	-0.37272560091347334	-0.14715584481931773	-0.5880695887260177	0.9983014328341526	-0.5538831224453842	1.7063940326545877	-0.5702108081724622	Clothes
-0.847451421335656	-0.9626602781356021	0.3909113716667325	-1.4622321641835916	2.4398590328416683	-0.3012180044634027	-0.6019346647265424	-0.37272560091347334	-0.14715584481931773	-0.5880695887260177	-1.0015011169137493	-0.5538831224453842	-0.5859139101914463	1.7533866171431942	Cereal
-0.673141723536084	0.06539822846665848	-1.3558760835518424	-1.2433278502297946	-0.4097777726262929	-0.3012180044634027	-0.6019346647265424	-0.37272560091347334	-0.14715584481931773	1.7001389277176309	0.9983014328341526	-0.5538831224453842	-0.5859139101914463	1.7533866171431942	Baby Food
-0.6818509789117185	-1.7165698496439263	-1.6885975035934757	0.07490157643241223	-0.4097777726262929	-0.3012180044634027	-0.6019346647265424	-0.37272560091347334	-0.14715584481931773	1.7001389277176309	0.9983014328341526	-0.5538831224453842	1.7063940326545877	-0.5702108081724622	Personal Care
-0.7415476144741887	-1.0311975119090862	1.2378386226817992	-1.0741745167200425	-0.4097777726262929	-0.3012180044634027	-0.6019346647265424	-0.37272560091347334	-0.14715584481931773	1.7001389277176309	0.9983014328341526	-0.5538831224453842	1.7063940326545877	-0.5702108081724622	Meat
0.12572498079413294	-0.41436240794772977	0.8988156605939228	1.0167391027696737	-0.4097777726262929	-0.3012180044634027	-0.6019346647265424	2.682402275426472	-0.14715584481931773	-0.5880695887260177	-1.0015011169137493	-0.5538831224453842	1.7063940326545877	-0.5702108081724622	Snacks
-0.026455251912717633	-1.4424209145499902	-1.746571690418912	-0.9712414537323637	2.4398590328416683	-0.3012180044634027	-0.6019346647265424	-0.37272560091347334	-0.14715584481931773	-0.5880695887260177	0.9983014328341526	1.8050739578160475	-0.5859139101914463	-0.5702108081724622	Cosmetics
-1.0240023602527242	0.40808439733407864	0.08843735344706585	-1.6523152205008387	-0.4097777726262929	-0.3012180044634027	-0.6019346647265424	-0.37272560091347334	6.79415759005416	-0.5880695887260177	-1.0015011169137493	-0.5538831224453842	-0.5859139101914463	1.7533866171431942	Fruits
-0.38611907635919723	0.2710099297871106	-0.43585094480035635	1.6254166152368146	-0.4097777726262929	-0.3012180044634027	-0.6019346647265424	2.682402275426472	-0.14715584481931773	-0.5880695887260177	0.9983014328341526	-0.5538831224453842	-0.5859139101914463	-0.5702108081724622	Personal Care
-0.2158265339612623	-0.7570485768151499	-0.8416702525784091	0.20288168474709292	-0.4097777726262929	-0.3012180044634027	-0.6019346647265424	-0.37272560091347334	-0.14715584481931773	-0.5880695887260177	0.9983014328341526	-0.5538831224453842	-0.5859139101914463	1.7533866171431942	Snacks
-0.9966130750357652	-0.5514368754946979	-1.629363008358791	-0.15909958675957767	-0.4097777726262929	-0.3012180044634027	1.6609776086815118	-0.37272560091347334	-0.14715584481931773	-0.5880695887260177	0.9983014328341526	-0.5538831224453842	-0.5859139101914463	-0.5702108081724622	Fruits
-0.9549610092347691	-1.2368092132295383	-1.1454045792073244	-1.5795758559895456	-0.4097777726262929	-0.3012180044634027	-0.6019346647265424	-0.37272560091347334	-0.14715584481931773	-0.5880695887260177	0.9983014328341526	-0.5538831224453842	-0.5859139101914463	-0.5702108081724622	Vegetables
3.086481037381628	-0.688511343041666	-0.6513636827818688	1.3811221457460567	2.4398590328416683	-0.3012180044634027	-0.6019346647265424	-0.37272560091347334	-0.14715584481931773	-0.5880695887260177	-1.0015011169137493	-0.5538831224453842	1.7063940326545877	-0.5702108081724622	Cosmetics
-1.0043351919845722	-0.894123044362118	0.7450580346655923	-0.5800958143791842	-0.4097777726262929	-0.3012180044634027	-0.6019346647265424	2.682402275426472	-0.14715584481931773	-0.5880695887260177	-1.0015011169137493	-0.5538831224453842	1.7063940326545877	-0.5702108081724622	Fruits
1.676786152463039	0.47662163110756267	1.024846501518784	1.0860473651813776	-0.4097777726262929	3.3191907030294185	-0.6019346647265424	-0.37272560091347334	-0.14715584481931773	-0.5880695887260177	-1.0015011169137493	1.8050739578160475	-0.5859139101914463	-0.5702108081724622	Office Supplies
0.36973136250817706	1.4361429039363391	0.31655317552106443	0.18606928445910537	-0.4097777726262929	3.3191907030294185	-0.6019346647265424	-0.37272560091347334	-0.14715584481931773	-0.5880695887260177	-1.0015011169137493	-0.5538831224453842	1.7063940326545877	-0.5702108081724622	Baby Food
3.064064839664728	0.8878450337484669	-0.738324963020023	1.515964458259916	-0.4097777726262929	-0.3012180044634027	-0.6019346647265424	-0.37272560091347334	-0.14715584481931773	1.7001389277176309	0.9983014328341526	-0.5538831224453842	1.7063940326545877	-0.5702108081724622	Household
-0.9004800087692039	0.5451588648810467	0.7828672869430505	-1.4392437801163434	2.4398590328416683	-0.3012180044634027	-0.6019346647265424	-0.37272560091347334	-0.14715584481931773	-0.5880695887260177	-1.0015011169137493	-0.5538831224453842	1.7063940326545877	-0.5702108081724622	Meat
0.2346209392110059	-0.6199741092681819	1.270606641322263	-0.7739530830059793	-0.4097777726262929	-0.3012180044634027	-0.6019346647265424	-0.37272560091347334	-0.14715584481931773	1.7001389277176309	-1.0015011169137493	-0.5538831224453842	-0.5859139101914463	1.7533866171431942	Cosmetics
-0.6758957668886427	-0.825585810588634	-0.5996910380026758	0.1061246055386748	-0.4097777726262929	-0.3012180044634027	-0.6019346647265424	-0.37272560091347334	-0.14715584481931773	1.7001389277176309	-1.0015011169137493	-0.5538831224453842	1.7063940326545877	-0.5702108081724622	Personal Care
-0.7365824917692457	-0.825585810588634	1.2668257160945173	-1.5078658221081294	-0.4097777726262929	-0.3012180044634027	-0.6019346647265424	2.682402275426472	-0.14715584481931773	-0.5880695887260177	-1.0015011169137493	-0.5538831224453842	-0.5859139101914463	1.7533866171431942	Cosmetics
0.4699673950509704	1.093456735068919	1.293292192688738	0.9491463914077644	-0.4097777726262929	-0.3012180044634027	1.6609776086815118	-0.37272560091347334	-0.14715584481931773	-0.5880695887260177	0.9983014328341526	-0.5538831224453842	1.7063940326545877	-0.5702108081724622	Clothes
-0.5024093155350836	0.8193077999749828	1.2630447908667715	1.015709772139797	-0.4097777726262929	-0.3012180044634027	-0.6019346647265424	-0.37272560091347334	-0.14715584481931773	1.7001389277176309	-1.0015011169137493	-0.5538831224453842	1.7063940326545877	-0.5702108081724622	Personal Care
0.5271142254989234	0.2710099297871106	-1.6696928774547466	1.5049849315412303	-0.4097777726262929	3.3191907030294185	-0.6019346647265424	-0.37272560091347334	-0.14715584481931773	-0.5880695887260177	0.9983014328341526	1.8050739578160475	-0.5859139101914463	-0.5702108081724622	Vegetables
-0.4925687197698973	-1.168271979456054	0.5471896144135603	-0.9359011021065939	-0.4097777726262929	-0.3012180044634027	1.6609776086815118	-0.37272560091347334	-0.14715584481931773	-0.5880695887260177	-1.0015011169137493	-0.5538831224453842	1.7063940326545877	-0.5702108081724622	Cereal
-0.38059503394976524	-1.4424209145499902	0.8231971560390061	-0.3841798844926354	-0.4097777726262929	-0.3012180044634027	1.6609776086815118	-0.37272560091347334	-0.14715584481931773	-0.5880695887260177	-1.0015011169137493	-0.5538831224453842	-0.5859139101914463	1.7533866171431942	Vegetables
-0.20824613813735648	-0.9626602781356021	-0.5165106829922674	-0.5142186540670697	-0.4097777726262929	-0.3012180044634027	1.6609776086815118	-0.37272560091347334	-0.14715584481931773	-0.5880695887260177	-1.0015011169137493	1.8050739578160475	-0.5859139101914463	-0.5702108081724622	Cereal
-0.5351957026071821	-1.168271979456054	-0.9349330748628064	0.8438115569503731	-0.4097777726262929	-0.3012180044634027	-0.6019346647265424	-0.37272560091347334	-0.14715584481931773	1.7001389277176309	0.9983014328341526	1.8050739578160475	-0.5859139101914463	-0.5702108081724622	Personal Care
0.7659569130258521	1.093456735068919	-0.8038610003009508	-0.3059507566219995	-0.4097777726262929	-0.3012180044634027	-0.6019346647265424	-0.37272560091347334	-0.14715584481931773	1.7001389277176309	-1.0015011169137493	-0.5538831224453842	1.7063940326545877	-0.5702108081724622	Household
-0.4452131033574107	1.161993968842403	1.591985285680659	1.3155880956439012	-0.4097777726262929	-0.3012180044634027	-0.6019346647265424	-0.37272560091347334	-0.14715584481931773	1.7001389277176309	-1.0015011169137493	-0.5538831224453842	1.7063940326545877	-0.5702108081724622	Personal Care
0.2828213984156071	-1.3053464470030223	1.5705600427234325	1.3910723418348656	-0.4097777726262929	-0.3012180044634027	1.6609776086815118	-0.37272560091347334	-0.14715584481931773	-0.5880695887260177	0.9983014328341526	-0.5538831224453842	-0.5859139101914463	-0.5702108081724622	Snacks
-0.4202143012385651	-0.41436240794772977	0.2762233064251089	1.4466561958482123	-0.4097777726262929	-0.3012180044634027	-0.6019346647265424	2.682402275426472	-0.14715584481931773	-0.5880695887260177	-1.0015011169137493	-0.5538831224453842	-0.5859139101914463	-0.5702108081724622	Personal Care
-0.9886580988146632	0.20247269601362655	-0.8240259348489286	0.2745917186285092	2.4398590328416683	-0.3012180044634027	-0.6019346647265424	-0.37272560091347334	-0.14715584481931773	-0.5880695887260177	-1.0015011169137493	-0.5538831224453842	1.7063940326545877	-0.5702108081724622	Fruits
-0.0096004136289248	-0.4828996417212138	-1.4743450740212118	-0.9208042528684011	2.4398590328416683	-0.3012180044634027	-0.6019346647265424	-0.37272560091347334	-0.14715584481931773	-0.5880695887260177	0.9983014328341526	-0.5538831224453842	1.7063940326545877	-0.5702108081724622	Household
-0.9980542851264553	0.9563822675219509	-0.8429305609876577	-0.2376718248401725	2.4398590328416683	-0.3012180044634027	-0.6019346647265424	-0.37272560091347334	-0.14715584481931773	-0.5880695887260177	0.9983014328341526	-0.5538831224453842	1.7063940326545877	-0.5702108081724622	Fruits
-0.7389817491990279	0.20247269601362655	0.5068597453176047	-0.22463363686173318	-0.4097777726262929	-0.3012180044634027	1.6609776086815118	-0.37272560091347334	-0.14715584481931773	-0.5880695887260177	0.9983014328341526	-0.5538831224453842	-0.5859139101914463	-0.5702108081724622	Personal Care
0.7437237750262101	0.7507705662014988	-0.8441908693969064	0.698675938137746	-0.4097777726262929	-0.3012180044634027	-0.6019346647265424	-0.37272560091347334	-0.14715584481931773	-0.5880695887260177	-1.0015011169137493	-0.5538831224453842	-0.5859139101914463	-0.5702108081724622	Baby Food
-0.8599365902201993	-1.6480326158704424	0.7526198851210839	-0.3382031163581388	2.4398590328416683	-0.3012180044634027	-0.6019346647265424	-0.37272560091347334	-0.14715584481931773	-0.5880695887260177	-1.0015011169137493	-0.5538831224453842	1.7063940326545877	-0.5702108081724622	Beverages
0.31571130171013195	0.13393546224014252	1.1823850526748603	1.3543595493692602	-0.4097777726262929	-0.3012180044634027	1.6609776086815118	-0.37272560091347334	-0.14715584481931773	-0.5880695887260177	0.9983014328341526	-0.5538831224453842	-0.5859139101914463	1.7533866171431942	Meat
-0.9205015712488971	-1.5109581483234744	-1.7024608960952106	-0.8463493373073134	-0.4097777726262929	-0.3012180044634027	-0.6019346647265424	-0.37272560091347334	-0.14715584481931773	-0.5880695887260177	0.9983014328341526	1.8050739578160475	-0.5859139101914463	-0.5702108081724622	Beverages
0.21652137319210735	0.5451588648810467	1.1660010433546284	0.8585652959786071	-0.4097777726262929	-0.3012180044634027	1.6609776086815118	-0.37272560091347334	-0.14715584481931773	-0.5880695887260177	-1.0015011169137493	-0.5538831224453842	-0.5859139101914463	1.7533866171431942	Vegetables
0.5521593017716893	-1.0997347456825701	-0.09430736589398275	-0.4754472003417106	2.4398590328416683	-0.3012180044634027	-0.6019346647265424	-0.37272560091347334	-0.14715584481931773	-0.5880695887260177	-1.0015011169137493	-0.5538831224453842	-0.5859139101914463	-0.5702108081724622	Household
-0.915226161017498	0.8878450337484669	-0.6564049164188633	-0.8020881202226116	-0.4097777726262929	-0.3012180044634027	-0.6019346647265424	-0.37272560091347334	-0.14715584481931773	-0.5880695887260177	0.9983014328341526	1.8050739578160475	-0.5859139101914463	-0.5702108081724622	Beverages
-0.882265070734493	-0.9626602781356021	-0.7093378696073049	-0.5255412909957144	-0.4097777726262929	-0.3012180044634027	-0.6019346647265424	-0.37272560091347334	-0.14715584481931773	-0.5880695887260177	-1.0015011169137493	-0.5538831224453842	-0.5859139101914463	1.7533866171431942	Beverages
1.2554419623026243	0.8193077999749828	0.32537533438580474	0.6475525168538655	-0.4097777726262929	-0.3012180044634027	1.6609776086815118	-0.37272560091347334	-0.14715584481931773	-0.5880695887260177	0.9983014328341526	-0.5538831224453842	1.7063940326545877	-0.5702108081724622	Office Supplies
-0.6457733818131679	-1.0997347456825701	1.5025033886240076	-1.4392437801163434	-0.4097777726262929	3.3191907030294185	-0.6019346647265424	-0.37272560091347334	-0.14715584481931773	-0.5880695887260177	0.9983014328341526	-0.5538831224453842	-0.5859139101914463	1.7533866171431942	Cosmetics
-0.033843448090544064	0.8878450337484669	-0.8479717946246522	0.0477958698456568	-0.4097777726262929	-0.3012180044634027	-0.6019346647265424	-0.37272560091347334	-0.14715584481931773	1.7001389277176309	-1.0015011169137493	-0.5538831224453842	1.7063940326545877	-0.5702108081724622	Clothes
0.29180208356316406	-0.41436240794772977	-1.4592213731102286	0.630397006355919	-0.4097777726262929	-0.3012180044634027	-0.6019346647265424	-0.37272560091347334	-0.14715584481931773	1.7001389277176309	-1.0015011169137493	1.8050739578160475	-0.5859139101914463	-0.5702108081724622	Clothes
-0.7041012216352984	-0.825585810588634	-1.338231765822362	-0.041755894953623786	2.4398590328416683	-0.3012180044634027	-0.6019346647265424	-0.37272560091347334	-0.14715584481931773	-0.5880695887260177	0.9983014328341526	-0.5538831224453842	-0.5859139101914463	1.7533866171431942	Personal Care
1.2705885217755564	-0.5514368754946979	0.6580967544274381	0.09411574819011227	-0.4097777726262929	3.3191907030294185	-0.6019346647265424	-0.37272560091347334	-0.14715584481931773	-0.5880695887260177	0.9983014328341526	1.8050739578160475	-0.5859139101914463	-0.5702108081724622	Household
